{
  "best_epoch": 65,
  "peak_cpu_memory_MB": 2771.544,
  "peak_gpu_0_memory_MB": 1115,
  "training_duration": "4:12:16.839047",
  "training_start_epoch": 0,
  "training_epochs": 65,
  "epoch": 65,
  "training_loss": 1.3982773391452767,
  "training_cpu_memory_MB": 2771.544,
  "training_gpu_0_memory_MB": 1114,
  "validation_loss": 1.4134754350310879,
  "best_validation_loss": 1.4134754350310879
}