{
  "best_epoch": 60,
  "peak_cpu_memory_MB": 2771.544,
  "peak_gpu_0_memory_MB": 1115,
  "training_duration": "3:53:07.690133",
  "training_start_epoch": 0,
  "training_epochs": 60,
  "epoch": 60,
  "training_loss": 1.4012649013445928,
  "training_cpu_memory_MB": 2771.544,
  "training_gpu_0_memory_MB": 1114,
  "validation_loss": 1.4167076976675737,
  "best_validation_loss": 1.4167076976675737
}