{
  "best_epoch": 115,
  "peak_cpu_memory_MB": 2771.552,
  "peak_gpu_0_memory_MB": 1115,
  "training_duration": "7:31:01.357038",
  "training_start_epoch": 0,
  "training_epochs": 117,
  "epoch": 117,
  "training_loss": 1.3801654859407413,
  "training_cpu_memory_MB": 2771.552,
  "training_gpu_0_memory_MB": 1114,
  "validation_loss": 1.4009863891099628,
  "best_validation_loss": 1.4005644446925114
}