{
  "best_epoch": 3,
  "peak_cpu_memory_MB": 2771.196,
  "peak_gpu_0_memory_MB": 1115,
  "training_duration": "0:15:17.213133",
  "training_start_epoch": 0,
  "training_epochs": 3,
  "epoch": 3,
  "training_loss": 1.720219560628812,
  "training_cpu_memory_MB": 2771.196,
  "training_gpu_0_memory_MB": 1115,
  "validation_loss": 1.6866456176105298,
  "best_validation_loss": 1.6866456176105298
}