{
  "best_epoch": 111,
  "peak_cpu_memory_MB": 2771.552,
  "peak_gpu_0_memory_MB": 1115,
  "training_duration": "7:19:33.296282",
  "training_start_epoch": 0,
  "training_epochs": 114,
  "epoch": 114,
  "training_loss": 1.380728474382818,
  "training_cpu_memory_MB": 2771.552,
  "training_gpu_0_memory_MB": 1115,
  "validation_loss": 1.4019501930788945,
  "best_validation_loss": 1.4012982249259949
}