{
  "best_epoch": 87,
  "peak_cpu_memory_MB": 2771.548,
  "peak_gpu_0_memory_MB": 1115,
  "training_duration": "5:40:10.094178",
  "training_start_epoch": 0,
  "training_epochs": 88,
  "epoch": 88,
  "training_loss": 1.3883818617233863,
  "training_cpu_memory_MB": 2771.548,
  "training_gpu_0_memory_MB": 1115,
  "validation_loss": 1.4073835674085116,
  "best_validation_loss": 1.4061295954804671
}