{
  "best_epoch": 6,
  "peak_cpu_memory_MB": 2771.332,
  "peak_gpu_0_memory_MB": 1115,
  "training_duration": "0:26:44.462458",
  "training_start_epoch": 0,
  "training_epochs": 6,
  "epoch": 6,
  "training_loss": 1.5986201022503643,
  "training_cpu_memory_MB": 2771.332,
  "training_gpu_0_memory_MB": 1114,
  "validation_loss": 1.5859951596511037,
  "best_validation_loss": 1.5859951596511037
}