{
  "best_epoch": 90,
  "peak_cpu_memory_MB": 2771.548,
  "peak_gpu_0_memory_MB": 1115,
  "training_duration": "6:03:06.008204",
  "training_start_epoch": 0,
  "training_epochs": 94,
  "epoch": 94,
  "training_loss": 1.3859814137396729,
  "training_cpu_memory_MB": 2771.548,
  "training_gpu_0_memory_MB": 1114,
  "validation_loss": 1.4051465015662343,
  "best_validation_loss": 1.404299519563976
}