{
  "best_epoch": 26,
  "peak_cpu_memory_MB": 2771.464,
  "peak_gpu_0_memory_MB": 1115,
  "training_duration": "1:43:09.994589",
  "training_start_epoch": 0,
  "training_epochs": 26,
  "epoch": 26,
  "training_loss": 1.4451418910506209,
  "training_cpu_memory_MB": 2771.464,
  "training_gpu_0_memory_MB": 1114,
  "validation_loss": 1.4518996163418418,
  "best_validation_loss": 1.4518996163418418
}