{
  "best_epoch": 45,
  "peak_cpu_memory_MB": 2771.544,
  "peak_gpu_0_memory_MB": 1115,
  "training_duration": "2:55:47.256648",
  "training_start_epoch": 0,
  "training_epochs": 45,
  "epoch": 45,
  "training_loss": 1.4137091880013957,
  "training_cpu_memory_MB": 2771.544,
  "training_gpu_0_memory_MB": 1115,
  "validation_loss": 1.4266605973243713,
  "best_validation_loss": 1.4266605973243713
}