{
  "best_epoch": 109,
  "peak_cpu_memory_MB": 2771.552,
  "peak_gpu_0_memory_MB": 1115,
  "training_duration": "7:00:26.307692",
  "training_start_epoch": 0,
  "training_epochs": 109,
  "epoch": 109,
  "training_loss": 1.38192371115882,
  "training_cpu_memory_MB": 2771.552,
  "training_gpu_0_memory_MB": 1115,
  "validation_loss": 1.4016806200930947,
  "best_validation_loss": 1.4016806200930947
}