{
  "best_epoch": 126,
  "peak_cpu_memory_MB": 2771.56,
  "peak_gpu_0_memory_MB": 1115,
  "training_duration": "8:05:26.199241",
  "training_start_epoch": 0,
  "training_epochs": 126,
  "epoch": 126,
  "training_loss": 1.3780880972478518,
  "training_cpu_memory_MB": 2771.56,
  "training_gpu_0_memory_MB": 1115,
  "validation_loss": 1.3985807080017894,
  "best_validation_loss": 1.3985807080017894
}