{
  "best_epoch": 15,
  "peak_cpu_memory_MB": 2771.416,
  "peak_gpu_0_memory_MB": 1115,
  "training_duration": "1:01:07.814949",
  "training_start_epoch": 0,
  "training_epochs": 15,
  "epoch": 15,
  "training_loss": 1.4893451255454113,
  "training_cpu_memory_MB": 2771.416,
  "training_gpu_0_memory_MB": 1114,
  "validation_loss": 1.4902391716053611,
  "best_validation_loss": 1.4902391716053611
}