{
  "best_epoch": 99,
  "peak_cpu_memory_MB": 2771.552,
  "peak_gpu_0_memory_MB": 1115,
  "training_duration": "6:37:30.065196",
  "training_start_epoch": 0,
  "training_epochs": 103,
  "epoch": 103,
  "training_loss": 1.3832909440147807,
  "training_cpu_memory_MB": 2771.552,
  "training_gpu_0_memory_MB": 1114,
  "validation_loss": 1.404722273349762,
  "best_validation_loss": 1.4033539075600474
}