{
  "best_epoch": 104,
  "peak_cpu_memory_MB": 2771.552,
  "peak_gpu_0_memory_MB": 1115,
  "training_duration": "6:41:19.280427",
  "training_start_epoch": 0,
  "training_epochs": 104,
  "epoch": 104,
  "training_loss": 1.3830080794159478,
  "training_cpu_memory_MB": 2771.552,
  "training_gpu_0_memory_MB": 1114,
  "validation_loss": 1.4031054816747968,
  "best_validation_loss": 1.4031054816747968
}