{
  "best_epoch": 105,
  "peak_cpu_memory_MB": 2771.552,
  "peak_gpu_0_memory_MB": 1115,
  "training_duration": "6:45:08.646605",
  "training_start_epoch": 0,
  "training_epochs": 105,
  "epoch": 105,
  "training_loss": 1.382266644190049,
  "training_cpu_memory_MB": 2771.552,
  "training_gpu_0_memory_MB": 1115,
  "validation_loss": 1.4021959869485152,
  "best_validation_loss": 1.4021959869485152
}