{
  "best_epoch": 134,
  "peak_cpu_memory_MB": 2771.636,
  "peak_gpu_0_memory_MB": 1115,
  "training_duration": "8:51:18.194782",
  "training_start_epoch": 0,
  "training_epochs": 138,
  "epoch": 138,
  "training_loss": 1.37568276732631,
  "training_cpu_memory_MB": 2771.636,
  "training_gpu_0_memory_MB": 1114,
  "validation_loss": 1.3975820070818852,
  "best_validation_loss": 1.3975601227659928
}