{
  "best_epoch": 67,
  "peak_cpu_memory_MB": 2771.548,
  "peak_gpu_0_memory_MB": 1115,
  "training_duration": "4:19:55.478756",
  "training_start_epoch": 0,
  "training_epochs": 67,
  "epoch": 67,
  "training_loss": 1.3969937488877562,
  "training_cpu_memory_MB": 2771.548,
  "training_gpu_0_memory_MB": 1115,
  "validation_loss": 1.4133856359281038,
  "best_validation_loss": 1.4133856359281038
}