{
  "best_epoch": 40,
  "peak_cpu_memory_MB": 2771.544,
  "peak_gpu_0_memory_MB": 1115,
  "training_duration": "2:40:30.019989",
  "training_start_epoch": 0,
  "training_epochs": 41,
  "epoch": 41,
  "training_loss": 1.4181469738836119,
  "training_cpu_memory_MB": 2771.544,
  "training_gpu_0_memory_MB": 1115,
  "validation_loss": 1.430872851296475,
  "best_validation_loss": 1.4305660912865086
}