{
  "best_epoch": 32,
  "peak_cpu_memory_MB": 2771.54,
  "peak_gpu_0_memory_MB": 1115,
  "training_duration": "2:06:05.712859",
  "training_start_epoch": 0,
  "training_epochs": 32,
  "epoch": 32,
  "training_loss": 1.4319984108738646,
  "training_cpu_memory_MB": 2771.54,
  "training_gpu_0_memory_MB": 1114,
  "validation_loss": 1.4420162125637657,
  "best_validation_loss": 1.4420162125637657
}