{
  "best_epoch": 77,
  "peak_cpu_memory_MB": 2771.548,
  "peak_gpu_0_memory_MB": 1115,
  "training_duration": "5:01:56.152341",
  "training_start_epoch": 0,
  "training_epochs": 78,
  "epoch": 78,
  "training_loss": 1.3918700391018883,
  "training_cpu_memory_MB": 2771.548,
  "training_gpu_0_memory_MB": 1114,
  "validation_loss": 1.4095214950410944,
  "best_validation_loss": 1.4091199228638096
}