{
  "best_epoch": 29,
  "peak_cpu_memory_MB": 2771.528,
  "peak_gpu_0_memory_MB": 1115,
  "training_duration": "1:54:37.739379",
  "training_start_epoch": 0,
  "training_epochs": 29,
  "epoch": 29,
  "training_loss": 1.4380599605966602,
  "training_cpu_memory_MB": 2771.528,
  "training_gpu_0_memory_MB": 1115,
  "validation_loss": 1.4475267153037221,
  "best_validation_loss": 1.4475267153037221
}