{
  "best_epoch": 82,
  "peak_cpu_memory_MB": 2771.548,
  "peak_gpu_0_memory_MB": 1115,
  "training_duration": "5:21:03.620843",
  "training_start_epoch": 0,
  "training_epochs": 83,
  "epoch": 83,
  "training_loss": 1.3895954373320178,
  "training_cpu_memory_MB": 2771.548,
  "training_gpu_0_memory_MB": 1114,
  "validation_loss": 1.40836637271078,
  "best_validation_loss": 1.4075275690932023
}