{
  "best_epoch": 122,
  "peak_cpu_memory_MB": 2771.56,
  "peak_gpu_0_memory_MB": 1115,
  "training_duration": "7:53:58.248852",
  "training_start_epoch": 0,
  "training_epochs": 123,
  "epoch": 123,
  "training_loss": 1.3784160049709342,
  "training_cpu_memory_MB": 2771.56,
  "training_gpu_0_memory_MB": 1115,
  "validation_loss": 1.4004629097486798,
  "best_validation_loss": 1.3998946861216897
}