{
  "best_epoch": 105,
  "peak_cpu_memory_MB": 2771.552,
  "peak_gpu_0_memory_MB": 1115,
  "training_duration": "6:56:36.687325",
  "training_start_epoch": 0,
  "training_epochs": 108,
  "epoch": 108,
  "training_loss": 1.3818746410178009,
  "training_cpu_memory_MB": 2771.552,
  "training_gpu_0_memory_MB": 1114,
  "validation_loss": 1.4032584303303768,
  "best_validation_loss": 1.4021959869485152
}