{
  "best_epoch": 4,
  "peak_cpu_memory_MB": 2771.332,
  "peak_gpu_0_memory_MB": 1115,
  "training_duration": "0:19:06.526934",
  "training_start_epoch": 0,
  "training_epochs": 4,
  "epoch": 4,
  "training_loss": 1.665717010314648,
  "training_cpu_memory_MB": 2771.332,
  "training_gpu_0_memory_MB": 1115,
  "validation_loss": 1.6422413995391445,
  "best_validation_loss": 1.6422413995391445
}