{
  "best_epoch": 128,
  "peak_cpu_memory_MB": 2771.564,
  "peak_gpu_0_memory_MB": 1115,
  "training_duration": "8:16:55.094914",
  "training_start_epoch": 0,
  "training_epochs": 129,
  "epoch": 129,
  "training_loss": 1.377788156800016,
  "training_cpu_memory_MB": 2771.564,
  "training_gpu_0_memory_MB": 1114,
  "validation_loss": 1.3998083440881026,
  "best_validation_loss": 1.3982796606264616
}