{
  "best_epoch": 31,
  "peak_cpu_memory_MB": 2771.54,
  "peak_gpu_0_memory_MB": 1115,
  "training_duration": "2:02:16.516838",
  "training_start_epoch": 0,
  "training_epochs": 31,
  "epoch": 31,
  "training_loss": 1.43412493248663,
  "training_cpu_memory_MB": 2771.54,
  "training_gpu_0_memory_MB": 1114,
  "validation_loss": 1.4432465496816134,
  "best_validation_loss": 1.4432465496816134
}