{
  "best_epoch": 7,
  "peak_cpu_memory_MB": 2771.356,
  "peak_gpu_0_memory_MB": 1115,
  "training_duration": "0:30:33.722692",
  "training_start_epoch": 0,
  "training_epochs": 7,
  "epoch": 7,
  "training_loss": 1.5761730230066198,
  "training_cpu_memory_MB": 2771.356,
  "training_gpu_0_memory_MB": 1115,
  "validation_loss": 1.5657753254237927,
  "best_validation_loss": 1.5657753254237927
}