{
  "best_epoch": 1,
  "peak_cpu_memory_MB": 2771.164,
  "peak_gpu_0_memory_MB": 1114,
  "training_duration": "0:07:38.517320",
  "training_start_epoch": 0,
  "training_epochs": 1,
  "epoch": 1,
  "training_loss": 1.9501395969701236,
  "training_cpu_memory_MB": 2771.164,
  "training_gpu_0_memory_MB": 1114,
  "validation_loss": 1.855751473652689,
  "best_validation_loss": 1.855751473652689
}