{
  "best_epoch": 74,
  "peak_cpu_memory_MB": 2771.548,
  "peak_gpu_0_memory_MB": 1115,
  "training_duration": "4:46:39.155489",
  "training_start_epoch": 0,
  "training_epochs": 74,
  "epoch": 74,
  "training_loss": 1.3933366325479992,
  "training_cpu_memory_MB": 2771.548,
  "training_gpu_0_memory_MB": 1114,
  "validation_loss": 1.4109086111972207,
  "best_validation_loss": 1.4109086111972207
}