{
  "best_epoch": 12,
  "peak_cpu_memory_MB": 2771.38,
  "peak_gpu_0_memory_MB": 1115,
  "training_duration": "0:49:39.875496",
  "training_start_epoch": 0,
  "training_epochs": 12,
  "epoch": 12,
  "training_loss": 1.5109827514936234,
  "training_cpu_memory_MB": 2771.38,
  "training_gpu_0_memory_MB": 1115,
  "validation_loss": 1.5108935707493831,
  "best_validation_loss": 1.5108935707493831
}