{
  "best_epoch": 19,
  "peak_cpu_memory_MB": 2771.464,
  "peak_gpu_0_memory_MB": 1115,
  "training_duration": "1:16:24.632081",
  "training_start_epoch": 0,
  "training_epochs": 19,
  "epoch": 19,
  "training_loss": 1.4685692413318792,
  "training_cpu_memory_MB": 2771.464,
  "training_gpu_0_memory_MB": 1114,
  "validation_loss": 1.4730732691915411,
  "best_validation_loss": 1.4730732691915411
}