{
  "best_epoch": 65,
  "peak_cpu_memory_MB": 2771.544,
  "peak_gpu_0_memory_MB": 1115,
  "training_duration": "4:16:06.174712",
  "training_start_epoch": 0,
  "training_epochs": 66,
  "epoch": 66,
  "training_loss": 1.397460042724948,
  "training_cpu_memory_MB": 2771.544,
  "training_gpu_0_memory_MB": 1114,
  "validation_loss": 1.4135072513630516,
  "best_validation_loss": 1.4134754350310879
}