{
  "best_epoch": 131,
  "peak_cpu_memory_MB": 2771.636,
  "peak_gpu_0_memory_MB": 1115,
  "training_duration": "8:24:33.819259",
  "training_start_epoch": 0,
  "training_epochs": 131,
  "epoch": 131,
  "training_loss": 1.376954206348171,
  "training_cpu_memory_MB": 2771.636,
  "training_gpu_0_memory_MB": 1115,
  "validation_loss": 1.3975790770430314,
  "best_validation_loss": 1.3975790770430314
}