{
  "best_epoch": 141,
  "peak_cpu_memory_MB": 2771.636,
  "peak_gpu_0_memory_MB": 1115,
  "training_duration": "9:10:26.038810",
  "training_start_epoch": 0,
  "training_epochs": 143,
  "epoch": 143,
  "training_loss": 1.3749915509534305,
  "training_cpu_memory_MB": 2771.636,
  "training_gpu_0_memory_MB": 1115,
  "validation_loss": 1.3974598269713552,
  "best_validation_loss": 1.3973440904366343
}