{
  "best_epoch": 20,
  "peak_cpu_memory_MB": 2771.464,
  "peak_gpu_0_memory_MB": 1115,
  "training_duration": "1:20:14.279063",
  "training_start_epoch": 0,
  "training_epochs": 20,
  "epoch": 20,
  "training_loss": 1.4643555897227405,
  "training_cpu_memory_MB": 2771.464,
  "training_gpu_0_memory_MB": 1115,
  "validation_loss": 1.4684742971470481,
  "best_validation_loss": 1.4684742971470481
}