{
  "best_epoch": 11,
  "peak_cpu_memory_MB": 2771.368,
  "peak_gpu_0_memory_MB": 1115,
  "training_duration": "0:45:50.452913",
  "training_start_epoch": 0,
  "training_epochs": 11,
  "epoch": 11,
  "training_loss": 1.520294210261847,
  "training_cpu_memory_MB": 2771.368,
  "training_gpu_0_memory_MB": 1115,
  "validation_loss": 1.5194314310425205,
  "best_validation_loss": 1.5194314310425205
}