{
  "best_epoch": 77,
  "peak_cpu_memory_MB": 2771.548,
  "peak_gpu_0_memory_MB": 1115,
  "training_duration": "4:58:06.775693",
  "training_start_epoch": 0,
  "training_epochs": 77,
  "epoch": 77,
  "training_loss": 1.3920522843592265,
  "training_cpu_memory_MB": 2771.548,
  "training_gpu_0_memory_MB": 1114,
  "validation_loss": 1.4091199228638096,
  "best_validation_loss": 1.4091199228638096
}