{
  "best_epoch": 99,
  "peak_cpu_memory_MB": 2771.552,
  "peak_gpu_0_memory_MB": 1115,
  "training_duration": "6:29:51.763100",
  "training_start_epoch": 0,
  "training_epochs": 101,
  "epoch": 101,
  "training_loss": 1.3839235838348343,
  "training_cpu_memory_MB": 2771.552,
  "training_gpu_0_memory_MB": 1115,
  "validation_loss": 1.4034424518284045,
  "best_validation_loss": 1.4033539075600474
}