{
  "best_epoch": 87,
  "peak_cpu_memory_MB": 2771.548,
  "peak_gpu_0_memory_MB": 1115,
  "training_duration": "5:43:59.268308",
  "training_start_epoch": 0,
  "training_epochs": 89,
  "epoch": 89,
  "training_loss": 1.3876196731477095,
  "training_cpu_memory_MB": 2771.548,
  "training_gpu_0_memory_MB": 1115,
  "validation_loss": 1.4065923502570705,
  "best_validation_loss": 1.4061295954804671
}