{
  "best_epoch": 23,
  "peak_cpu_memory_MB": 2771.464,
  "peak_gpu_0_memory_MB": 1115,
  "training_duration": "1:31:42.110315",
  "training_start_epoch": 0,
  "training_epochs": 23,
  "epoch": 23,
  "training_loss": 1.4535785190452486,
  "training_cpu_memory_MB": 2771.464,
  "training_gpu_0_memory_MB": 1114,
  "validation_loss": 1.4602442760216563,
  "best_validation_loss": 1.4602442760216563
}