{
  "best_epoch": 82,
  "peak_cpu_memory_MB": 2771.548,
  "peak_gpu_0_memory_MB": 1115,
  "training_duration": "5:17:14.053657",
  "training_start_epoch": 0,
  "training_epochs": 82,
  "epoch": 82,
  "training_loss": 1.3902401910025692,
  "training_cpu_memory_MB": 2771.548,
  "training_gpu_0_memory_MB": 1114,
  "validation_loss": 1.4075275690932023,
  "best_validation_loss": 1.4075275690932023
}