{
  "best_epoch": 79,
  "peak_cpu_memory_MB": 2771.548,
  "peak_gpu_0_memory_MB": 1115,
  "training_duration": "5:05:45.501428",
  "training_start_epoch": 0,
  "training_epochs": 79,
  "epoch": 79,
  "training_loss": 1.391210680177226,
  "training_cpu_memory_MB": 2771.548,
  "training_gpu_0_memory_MB": 1115,
  "validation_loss": 1.408407594028272,
  "best_validation_loss": 1.408407594028272
}