{
  "best_epoch": 43,
  "peak_cpu_memory_MB": 2771.544,
  "peak_gpu_0_memory_MB": 1115,
  "training_duration": "2:48:08.365898",
  "training_start_epoch": 0,
  "training_epochs": 43,
  "epoch": 43,
  "training_loss": 1.4157934072455005,
  "training_cpu_memory_MB": 2771.544,
  "training_gpu_0_memory_MB": 1114,
  "validation_loss": 1.428398050759968,
  "best_validation_loss": 1.428398050759968
}