{
  "best_epoch": 141,
  "peak_cpu_memory_MB": 2771.636,
  "peak_gpu_0_memory_MB": 1115,
  "training_duration": "9:02:46.962415",
  "training_start_epoch": 0,
  "training_epochs": 141,
  "epoch": 141,
  "training_loss": 1.3751522612994944,
  "training_cpu_memory_MB": 2771.636,
  "training_gpu_0_memory_MB": 1114,
  "validation_loss": 1.3973440904366343,
  "best_validation_loss": 1.3973440904366343
}