{
  "best_epoch": 90,
  "peak_cpu_memory_MB": 2771.552,
  "peak_gpu_0_memory_MB": 1115,
  "training_duration": "6:06:55.175834",
  "training_start_epoch": 0,
  "training_epochs": 95,
  "epoch": 95,
  "training_loss": 1.3856697572758918,
  "training_cpu_memory_MB": 2771.552,
  "training_gpu_0_memory_MB": 1114,
  "validation_loss": 1.4053878062649776,
  "best_validation_loss": 1.404299519563976
}