{
  "best_epoch": 141,
  "peak_cpu_memory_MB": 2771.636,
  "peak_gpu_0_memory_MB": 1115,
  "training_duration": "9:18:05.218635",
  "training_start_epoch": 0,
  "training_epochs": 145,
  "epoch": 145,
  "training_loss": 1.3743464463561244,
  "training_cpu_memory_MB": 2771.636,
  "training_gpu_0_memory_MB": 1114,
  "validation_loss": 1.3975958228111267,
  "best_validation_loss": 1.3973440904366343
}