{
  "best_epoch": 134,
  "peak_cpu_memory_MB": 2771.636,
  "peak_gpu_0_memory_MB": 1115,
  "training_duration": "8:47:28.867889",
  "training_start_epoch": 0,
  "training_epochs": 137,
  "epoch": 137,
  "training_loss": 1.3759978311301688,
  "training_cpu_memory_MB": 2771.636,
  "training_gpu_0_memory_MB": 1114,
  "validation_loss": 1.3985685110092163,
  "best_validation_loss": 1.3975601227659928
}