{
  "best_epoch": 59,
  "peak_cpu_memory_MB": 2771.544,
  "peak_gpu_0_memory_MB": 1115,
  "training_duration": "3:49:17.341792",
  "training_start_epoch": 0,
  "training_epochs": 59,
  "epoch": 59,
  "training_loss": 1.4020450714777206,
  "training_cpu_memory_MB": 2771.544,
  "training_gpu_0_memory_MB": 1115,
  "validation_loss": 1.4175734049395512,
  "best_validation_loss": 1.4175734049395512
}