{
  "best_epoch": 141,
  "peak_cpu_memory_MB": 2771.636,
  "peak_gpu_0_memory_MB": 1115,
  "training_duration": "9:25:44.141752",
  "training_start_epoch": 0,
  "training_epochs": 147,
  "epoch": 147,
  "training_loss": 1.3751222530060265,
  "training_cpu_memory_MB": 2771.636,
  "training_gpu_0_memory_MB": 1115,
  "validation_loss": 1.401227615381542,
  "best_validation_loss": 1.3973440904366343
}