{
  "best_epoch": 109,
  "peak_cpu_memory_MB": 2771.552,
  "peak_gpu_0_memory_MB": 1115,
  "training_duration": "7:04:15.798738",
  "training_start_epoch": 0,
  "training_epochs": 110,
  "epoch": 110,
  "training_loss": 1.3816415378327906,
  "training_cpu_memory_MB": 2771.552,
  "training_gpu_0_memory_MB": 1115,
  "validation_loss": 1.4024646721388165,
  "best_validation_loss": 1.4016806200930947
}