{
  "best_epoch": 141,
  "peak_cpu_memory_MB": 2771.636,
  "peak_gpu_0_memory_MB": 1115,
  "training_duration": "9:06:36.648389",
  "training_start_epoch": 0,
  "training_epochs": 142,
  "epoch": 142,
  "training_loss": 1.375680966137429,
  "training_cpu_memory_MB": 2771.636,
  "training_gpu_0_memory_MB": 1114,
  "validation_loss": 1.3981318128736395,
  "best_validation_loss": 1.3973440904366343
}