{
  "best_epoch": 13,
  "peak_cpu_memory_MB": 2771.38,
  "peak_gpu_0_memory_MB": 1115,
  "training_duration": "0:53:28.919255",
  "training_start_epoch": 0,
  "training_epochs": 13,
  "epoch": 13,
  "training_loss": 1.5029498141192825,
  "training_cpu_memory_MB": 2771.38,
  "training_gpu_0_memory_MB": 1114,
  "validation_loss": 1.502412287812484,
  "best_validation_loss": 1.502412287812484
}