{
  "best_epoch": 27,
  "peak_cpu_memory_MB": 2771.528,
  "peak_gpu_0_memory_MB": 1115,
  "training_duration": "1:46:59.311315",
  "training_start_epoch": 0,
  "training_epochs": 27,
  "epoch": 27,
  "training_loss": 1.4425491105169939,
  "training_cpu_memory_MB": 2771.528,
  "training_gpu_0_memory_MB": 1114,
  "validation_loss": 1.4504716615927846,
  "best_validation_loss": 1.4504716615927846
}