{
  "best_epoch": 96,
  "peak_cpu_memory_MB": 2771.552,
  "peak_gpu_0_memory_MB": 1115,
  "training_duration": "6:14:34.543748",
  "training_start_epoch": 0,
  "training_epochs": 97,
  "epoch": 97,
  "training_loss": 1.3850784989503713,
  "training_cpu_memory_MB": 2771.552,
  "training_gpu_0_memory_MB": 1115,
  "validation_loss": 1.4047234560313977,
  "best_validation_loss": 1.4042214594389264
}