{
  "best_epoch": 118,
  "peak_cpu_memory_MB": 2771.56,
  "peak_gpu_0_memory_MB": 1115,
  "training_duration": "7:38:40.152093",
  "training_start_epoch": 0,
  "training_epochs": 119,
  "epoch": 119,
  "training_loss": 1.3791635561976912,
  "training_cpu_memory_MB": 2771.56,
  "training_gpu_0_memory_MB": 1114,
  "validation_loss": 1.4003248183350814,
  "best_validation_loss": 1.4002959163565385
}