{
  "best_epoch": 51,
  "peak_cpu_memory_MB": 2771.544,
  "peak_gpu_0_memory_MB": 1115,
  "training_duration": "3:18:43.309646",
  "training_start_epoch": 0,
  "training_epochs": 51,
  "epoch": 51,
  "training_loss": 1.4077652629310562,
  "training_cpu_memory_MB": 2771.544,
  "training_gpu_0_memory_MB": 1114,
  "validation_loss": 1.4217946121567173,
  "best_validation_loss": 1.4217946121567173
}