{
  "best_epoch": 49,
  "peak_cpu_memory_MB": 2771.544,
  "peak_gpu_0_memory_MB": 1115,
  "training_duration": "3:11:04.988895",
  "training_start_epoch": 0,
  "training_epochs": 49,
  "epoch": 49,
  "training_loss": 1.4099153587098658,
  "training_cpu_memory_MB": 2771.544,
  "training_gpu_0_memory_MB": 1114,
  "validation_loss": 1.423671985927381,
  "best_validation_loss": 1.423671985927381
}