{
  "best_epoch": 9,
  "peak_cpu_memory_MB": 2771.368,
  "peak_gpu_0_memory_MB": 1115,
  "training_duration": "0:38:12.002968",
  "training_start_epoch": 0,
  "training_epochs": 9,
  "epoch": 9,
  "training_loss": 1.5436569917836838,
  "training_cpu_memory_MB": 2771.368,
  "training_gpu_0_memory_MB": 1114,
  "validation_loss": 1.5376363898578442,
  "best_validation_loss": 1.5376363898578442
}