{
  "best_epoch": 37,
  "peak_cpu_memory_MB": 2771.544,
  "peak_gpu_0_memory_MB": 1115,
  "training_duration": "2:29:01.664841",
  "training_start_epoch": 0,
  "training_epochs": 38,
  "epoch": 38,
  "training_loss": 1.4221986271220552,
  "training_cpu_memory_MB": 2771.544,
  "training_gpu_0_memory_MB": 1115,
  "validation_loss": 1.4348112125145762,
  "best_validation_loss": 1.434179867568769
}