{
  "best_epoch": 96,
  "peak_cpu_memory_MB": 2771.552,
  "peak_gpu_0_memory_MB": 1115,
  "training_duration": "6:18:23.772742",
  "training_start_epoch": 0,
  "training_epochs": 98,
  "epoch": 98,
  "training_loss": 1.3849163457486757,
  "training_cpu_memory_MB": 2771.552,
  "training_gpu_0_memory_MB": 1114,
  "validation_loss": 1.4042936375266628,
  "best_validation_loss": 1.4042214594389264
}