{
  "best_epoch": 90,
  "peak_cpu_memory_MB": 2771.548,
  "peak_gpu_0_memory_MB": 1115,
  "training_duration": "5:47:48.424310",
  "training_start_epoch": 0,
  "training_epochs": 90,
  "epoch": 90,
  "training_loss": 1.387186468705623,
  "training_cpu_memory_MB": 2771.548,
  "training_gpu_0_memory_MB": 1114,
  "validation_loss": 1.404299519563976,
  "best_validation_loss": 1.404299519563976
}