{
  "best_epoch": 111,
  "peak_cpu_memory_MB": 2771.552,
  "peak_gpu_0_memory_MB": 1115,
  "training_duration": "7:08:05.405687",
  "training_start_epoch": 0,
  "training_epochs": 111,
  "epoch": 111,
  "training_loss": 1.381212189352724,
  "training_cpu_memory_MB": 2771.552,
  "training_gpu_0_memory_MB": 1114,
  "validation_loss": 1.4012982249259949,
  "best_validation_loss": 1.4012982249259949
}