{
  "best_epoch": 44,
  "peak_cpu_memory_MB": 2771.544,
  "peak_gpu_0_memory_MB": 1115,
  "training_duration": "2:51:58.020462",
  "training_start_epoch": 0,
  "training_epochs": 44,
  "epoch": 44,
  "training_loss": 1.414800533176174,
  "training_cpu_memory_MB": 2771.544,
  "training_gpu_0_memory_MB": 1114,
  "validation_loss": 1.4271613139855235,
  "best_validation_loss": 1.4271613139855235
}