{
  "best_epoch": 55,
  "peak_cpu_memory_MB": 2771.544,
  "peak_gpu_0_memory_MB": 1115,
  "training_duration": "3:37:49.526642",
  "training_start_epoch": 0,
  "training_epochs": 56,
  "epoch": 56,
  "training_loss": 1.404171843147842,
  "training_cpu_memory_MB": 2771.544,
  "training_gpu_0_memory_MB": 1114,
  "validation_loss": 1.419324046687076,
  "best_validation_loss": 1.4186652961530184
}