{
  "best_epoch": 30,
  "peak_cpu_memory_MB": 2771.528,
  "peak_gpu_0_memory_MB": 1115,
  "training_duration": "1:58:27.328192",
  "training_start_epoch": 0,
  "training_epochs": 30,
  "epoch": 30,
  "training_loss": 1.4358530524214344,
  "training_cpu_memory_MB": 2771.528,
  "training_gpu_0_memory_MB": 1114,
  "validation_loss": 1.4463252644789846,
  "best_validation_loss": 1.4463252644789846
}