{
  "best_epoch": 72,
  "peak_cpu_memory_MB": 2771.548,
  "peak_gpu_0_memory_MB": 1115,
  "training_duration": "4:42:50.036222",
  "training_start_epoch": 0,
  "training_epochs": 73,
  "epoch": 73,
  "training_loss": 1.3941993984950365,
  "training_cpu_memory_MB": 2771.548,
  "training_gpu_0_memory_MB": 1114,
  "validation_loss": 1.411704587308984,
  "best_validation_loss": 1.4115982306630988
}