{
  "best_epoch": 105,
  "peak_cpu_memory_MB": 2771.552,
  "peak_gpu_0_memory_MB": 1115,
  "training_duration": "6:52:47.262929",
  "training_start_epoch": 0,
  "training_epochs": 107,
  "epoch": 107,
  "training_loss": 1.3828390434648863,
  "training_cpu_memory_MB": 2771.552,
  "training_gpu_0_memory_MB": 1114,
  "validation_loss": 1.402687537042718,
  "best_validation_loss": 1.4021959869485152
}