{
  "best_epoch": 118,
  "peak_cpu_memory_MB": 2771.552,
  "peak_gpu_0_memory_MB": 1115,
  "training_duration": "7:34:50.917546",
  "training_start_epoch": 0,
  "training_epochs": 118,
  "epoch": 118,
  "training_loss": 1.3799122335642753,
  "training_cpu_memory_MB": 2771.552,
  "training_gpu_0_memory_MB": 1115,
  "validation_loss": 1.4002959163565385,
  "best_validation_loss": 1.4002959163565385
}