{
  "best_epoch": 17,
  "peak_cpu_memory_MB": 2771.456,
  "peak_gpu_0_memory_MB": 1115,
  "training_duration": "1:08:46.188697",
  "training_start_epoch": 0,
  "training_epochs": 17,
  "epoch": 17,
  "training_loss": 1.4780233678733103,
  "training_cpu_memory_MB": 2771.456,
  "training_gpu_0_memory_MB": 1114,
  "validation_loss": 1.4809434915843762,
  "best_validation_loss": 1.4809434915843762
}