{
  "best_epoch": 141,
  "peak_cpu_memory_MB": 2771.636,
  "peak_gpu_0_memory_MB": 1115,
  "training_duration": "9:21:54.932936",
  "training_start_epoch": 0,
  "training_epochs": 146,
  "epoch": 146,
  "training_loss": 1.3744949959438932,
  "training_cpu_memory_MB": 2771.636,
  "training_gpu_0_memory_MB": 1114,
  "validation_loss": 1.3979337717357434,
  "best_validation_loss": 1.3973440904366343
}