{
  "best_epoch": 36,
  "peak_cpu_memory_MB": 2771.544,
  "peak_gpu_0_memory_MB": 1115,
  "training_duration": "2:21:23.293489",
  "training_start_epoch": 0,
  "training_epochs": 36,
  "epoch": 36,
  "training_loss": 1.4251498569398238,
  "training_cpu_memory_MB": 2771.544,
  "training_gpu_0_memory_MB": 1114,
  "validation_loss": 1.4366016670277244,
  "best_validation_loss": 1.4366016670277244
}