{
  "best_epoch": 111,
  "peak_cpu_memory_MB": 2771.552,
  "peak_gpu_0_memory_MB": 1115,
  "training_duration": "7:11:54.995255",
  "training_start_epoch": 0,
  "training_epochs": 112,
  "epoch": 112,
  "training_loss": 1.3805749747880112,
  "training_cpu_memory_MB": 2771.552,
  "training_gpu_0_memory_MB": 1114,
  "validation_loss": 1.4016819909999245,
  "best_validation_loss": 1.4012982249259949
}