{
  "best_epoch": 33,
  "peak_cpu_memory_MB": 2771.54,
  "peak_gpu_0_memory_MB": 1115,
  "training_duration": "2:09:54.961152",
  "training_start_epoch": 0,
  "training_epochs": 33,
  "epoch": 33,
  "training_loss": 1.4303115468758802,
  "training_cpu_memory_MB": 2771.54,
  "training_gpu_0_memory_MB": 1115,
  "validation_loss": 1.4417769312858582,
  "best_validation_loss": 1.4417769312858582
}