{
  "best_epoch": 46,
  "peak_cpu_memory_MB": 2771.544,
  "peak_gpu_0_memory_MB": 1115,
  "training_duration": "3:07:15.130994",
  "training_start_epoch": 0,
  "training_epochs": 48,
  "epoch": 48,
  "training_loss": 1.410564801396703,
  "training_cpu_memory_MB": 2771.544,
  "training_gpu_0_memory_MB": 1114,
  "validation_loss": 1.4253490818174261,
  "best_validation_loss": 1.4243584337987398
}