{
  "best_epoch": 188,
  "peak_cpu_memory_MB": 2751.964,
  "peak_gpu_0_memory_MB": 1017,
  "training_duration": "0:45:20.814457",
  "training_start_epoch": 0,
  "training_epochs": 191,
  "epoch": 191,
  "training_loss": 1.3809067074363754,
  "training_cpu_memory_MB": 2751.964,
  "training_gpu_0_memory_MB": 1015,
  "validation_loss": 1.4017563179919594,
  "best_validation_loss": 1.4013491367038928
}