{
  "best_epoch": 32,
  "peak_cpu_memory_MB": 2751.94,
  "peak_gpu_0_memory_MB": 1017,
  "training_duration": "0:07:46.189399",
  "training_start_epoch": 0,
  "training_epochs": 32,
  "epoch": 32,
  "training_loss": 1.4811995276332608,
  "training_cpu_memory_MB": 2751.94,
  "training_gpu_0_memory_MB": 1016,
  "validation_loss": 1.4849759120690196,
  "best_validation_loss": 1.4849759120690196
}