{
  "best_epoch": 148,
  "peak_cpu_memory_MB": 2751.956,
  "peak_gpu_0_memory_MB": 1017,
  "training_duration": "0:35:26.771051",
  "training_start_epoch": 0,
  "training_epochs": 149,
  "epoch": 149,
  "training_loss": 1.3894114296817215,
  "training_cpu_memory_MB": 2751.956,
  "training_gpu_0_memory_MB": 1015,
  "validation_loss": 1.4072067078791166,
  "best_validation_loss": 1.4069656196393465
}