{
  "best_epoch": 125,
  "peak_cpu_memory_MB": 2751.956,
  "peak_gpu_0_memory_MB": 1017,
  "training_duration": "0:30:01.829265",
  "training_start_epoch": 0,
  "training_epochs": 126,
  "epoch": 126,
  "training_loss": 1.3957623045825394,
  "training_cpu_memory_MB": 2751.956,
  "training_gpu_0_memory_MB": 1015,
  "validation_loss": 1.412404019581644,
  "best_validation_loss": 1.4117410277065479
}