{
  "best_epoch": 182,
  "peak_cpu_memory_MB": 2751.964,
  "peak_gpu_0_memory_MB": 1017,
  "training_duration": "0:43:41.908522",
  "training_start_epoch": 0,
  "training_epochs": 184,
  "epoch": 184,
  "training_loss": 1.3819672962617593,
  "training_cpu_memory_MB": 2751.964,
  "training_gpu_0_memory_MB": 1014,
  "validation_loss": 1.4025653349725824,
  "best_validation_loss": 1.4023957440727635
}