{
  "best_epoch": 23,
  "peak_cpu_memory_MB": 2751.94,
  "peak_gpu_0_memory_MB": 1017,
  "training_duration": "0:05:38.960890",
  "training_start_epoch": 0,
  "training_epochs": 23,
  "epoch": 23,
  "training_loss": 1.5159244731333128,
  "training_cpu_memory_MB": 2751.94,
  "training_gpu_0_memory_MB": 1017,
  "validation_loss": 1.5165291365824247,
  "best_validation_loss": 1.5165291365824247
}