{
  "best_epoch": 93,
  "peak_cpu_memory_MB": 2751.952,
  "peak_gpu_0_memory_MB": 1017,
  "training_duration": "0:22:14.347723",
  "training_start_epoch": 0,
  "training_epochs": 93,
  "epoch": 93,
  "training_loss": 1.4087708193874924,
  "training_cpu_memory_MB": 2751.952,
  "training_gpu_0_memory_MB": 1014,
  "validation_loss": 1.4219240389372174,
  "best_validation_loss": 1.4219240389372174
}