{
  "best_epoch": 9,
  "peak_cpu_memory_MB": 2751.936,
  "peak_gpu_0_memory_MB": 1017,
  "training_duration": "0:02:21.175995",
  "training_start_epoch": 0,
  "training_epochs": 9,
  "epoch": 9,
  "training_loss": 1.6690577547225727,
  "training_cpu_memory_MB": 2751.936,
  "training_gpu_0_memory_MB": 1016,
  "validation_loss": 1.6570677851375781,
  "best_validation_loss": 1.6570677851375781
}