{
  "best_epoch": 166,
  "peak_cpu_memory_MB": 2751.96,
  "peak_gpu_0_memory_MB": 1017,
  "training_duration": "0:39:41.463890",
  "training_start_epoch": 0,
  "training_epochs": 167,
  "epoch": 167,
  "training_loss": 1.385404494034468,
  "training_cpu_memory_MB": 2751.96,
  "training_gpu_0_memory_MB": 1015,
  "validation_loss": 1.4049901962280273,
  "best_validation_loss": 1.4045720382740623
}