{
  "best_epoch": 197,
  "peak_cpu_memory_MB": 2751.964,
  "peak_gpu_0_memory_MB": 1017,
  "training_duration": "0:47:00.376585",
  "training_start_epoch": 0,
  "training_epochs": 198,
  "epoch": 198,
  "training_loss": 1.3799921023775135,
  "training_cpu_memory_MB": 2751.964,
  "training_gpu_0_memory_MB": 1014,
  "validation_loss": 1.4011265917828208,
  "best_validation_loss": 1.4002491518070823
}