{
  "best_epoch": 178,
  "peak_cpu_memory_MB": 2751.96,
  "peak_gpu_0_memory_MB": 1017,
  "training_duration": "0:42:17.030340",
  "training_start_epoch": 0,
  "training_epochs": 178,
  "epoch": 178,
  "training_loss": 1.3829942934611845,
  "training_cpu_memory_MB": 2751.96,
  "training_gpu_0_memory_MB": 1014,
  "validation_loss": 1.4026372809159129,
  "best_validation_loss": 1.4026372809159129
}