{
  "best_epoch": 193,
  "peak_cpu_memory_MB": 2751.964,
  "peak_gpu_0_memory_MB": 1017,
  "training_duration": "0:45:49.028262",
  "training_start_epoch": 0,
  "training_epochs": 193,
  "epoch": 193,
  "training_loss": 1.3805047707444817,
  "training_cpu_memory_MB": 2751.964,
  "training_gpu_0_memory_MB": 1014,
  "validation_loss": 1.401034819452386,
  "best_validation_loss": 1.401034819452386
}