{
  "best_epoch": 48,
  "peak_cpu_memory_MB": 2751.944,
  "peak_gpu_0_memory_MB": 1017,
  "training_duration": "0:11:32.766346",
  "training_start_epoch": 0,
  "training_epochs": 48,
  "epoch": 48,
  "training_loss": 1.4475356978777598,
  "training_cpu_memory_MB": 2751.944,
  "training_gpu_0_memory_MB": 1016,
  "validation_loss": 1.4549035743663186,
  "best_validation_loss": 1.4549035743663186
}