{
  "best_epoch": 24,
  "peak_cpu_memory_MB": 2751.94,
  "peak_gpu_0_memory_MB": 1017,
  "training_duration": "0:05:53.067874",
  "training_start_epoch": 0,
  "training_epochs": 24,
  "epoch": 24,
  "training_loss": 1.511298781668646,
  "training_cpu_memory_MB": 2751.94,
  "training_gpu_0_memory_MB": 1016,
  "validation_loss": 1.5109328251135976,
  "best_validation_loss": 1.5109328251135976
}