{
  "best_epoch": 137,
  "peak_cpu_memory_MB": 2751.956,
  "peak_gpu_0_memory_MB": 1017,
  "training_duration": "0:33:05.642017",
  "training_start_epoch": 0,
  "training_epochs": 139,
  "epoch": 139,
  "training_loss": 1.3919797098848241,
  "training_cpu_memory_MB": 2751.956,
  "training_gpu_0_memory_MB": 1014,
  "validation_loss": 1.4094828116266351,
  "best_validation_loss": 1.4088436459240161
}