{
  "best_epoch": 28,
  "peak_cpu_memory_MB": 2751.94,
  "peak_gpu_0_memory_MB": 1017,
  "training_duration": "0:06:49.723235",
  "training_start_epoch": 0,
  "training_epochs": 28,
  "epoch": 28,
  "training_loss": 1.4943589938462838,
  "training_cpu_memory_MB": 2751.94,
  "training_gpu_0_memory_MB": 1016,
  "validation_loss": 1.496140429848119,
  "best_validation_loss": 1.496140429848119
}