{
  "best_epoch": 108,
  "peak_cpu_memory_MB": 2751.952,
  "peak_gpu_0_memory_MB": 1017,
  "training_duration": "0:25:47.247293",
  "training_start_epoch": 0,
  "training_epochs": 108,
  "epoch": 108,
  "training_loss": 1.4021551012992859,
  "training_cpu_memory_MB": 2751.952,
  "training_gpu_0_memory_MB": 1014,
  "validation_loss": 1.4166054129600525,
  "best_validation_loss": 1.4166054129600525
}