{
  "best_epoch": 100,
  "peak_cpu_memory_MB": 2751.952,
  "peak_gpu_0_memory_MB": 1017,
  "training_duration": "0:24:08.233794",
  "training_start_epoch": 0,
  "training_epochs": 101,
  "epoch": 101,
  "training_loss": 1.404991902895933,
  "training_cpu_memory_MB": 2751.952,
  "training_gpu_0_memory_MB": 1015,
  "validation_loss": 1.4188986106922752,
  "best_validation_loss": 1.4188197788439298
}