{
  "best_epoch": 156,
  "peak_cpu_memory_MB": 2751.96,
  "peak_gpu_0_memory_MB": 1017,
  "training_duration": "0:37:34.066543",
  "training_start_epoch": 0,
  "training_epochs": 158,
  "epoch": 158,
  "training_loss": 1.3871916042277093,
  "training_cpu_memory_MB": 2751.96,
  "training_gpu_0_memory_MB": 1014,
  "validation_loss": 1.4062158998690153,
  "best_validation_loss": 1.4053544684460288
}