{
  "best_epoch": 73,
  "peak_cpu_memory_MB": 2751.948,
  "peak_gpu_0_memory_MB": 1017,
  "training_duration": "0:17:26.171220",
  "training_start_epoch": 0,
  "training_epochs": 73,
  "epoch": 73,
  "training_loss": 1.4210536917285805,
  "training_cpu_memory_MB": 2751.948,
  "training_gpu_0_memory_MB": 1014,
  "validation_loss": 1.4317361900680943,
  "best_validation_loss": 1.4317361900680943
}