{
  "best_epoch": 130,
  "peak_cpu_memory_MB": 2751.956,
  "peak_gpu_0_memory_MB": 1017,
  "training_duration": "0:31:26.627420",
  "training_start_epoch": 0,
  "training_epochs": 132,
  "epoch": 132,
  "training_loss": 1.3937558334254654,
  "training_cpu_memory_MB": 2751.956,
  "training_gpu_0_memory_MB": 1014,
  "validation_loss": 1.4109349815469039,
  "best_validation_loss": 1.4107473304397182
}