{
  "best_epoch": 156,
  "peak_cpu_memory_MB": 2751.96,
  "peak_gpu_0_memory_MB": 1017,
  "training_duration": "0:38:02.517770",
  "training_start_epoch": 0,
  "training_epochs": 160,
  "epoch": 160,
  "training_loss": 1.3869795174993707,
  "training_cpu_memory_MB": 2751.96,
  "training_gpu_0_memory_MB": 1014,
  "validation_loss": 1.4056554311200191,
  "best_validation_loss": 1.4053544684460288
}