{
  "best_epoch": 105,
  "peak_cpu_memory_MB": 2751.952,
  "peak_gpu_0_memory_MB": 1017,
  "training_duration": "0:25:04.917737",
  "training_start_epoch": 0,
  "training_epochs": 105,
  "epoch": 105,
  "training_loss": 1.4032026776195279,
  "training_cpu_memory_MB": 2751.952,
  "training_gpu_0_memory_MB": 1015,
  "validation_loss": 1.4177545152212445,
  "best_validation_loss": 1.4177545152212445
}