{
  "best_epoch": 130,
  "peak_cpu_memory_MB": 2751.956,
  "peak_gpu_0_memory_MB": 1017,
  "training_duration": "0:30:58.107288",
  "training_start_epoch": 0,
  "training_epochs": 130,
  "epoch": 130,
  "training_loss": 1.3944896106889262,
  "training_cpu_memory_MB": 2751.956,
  "training_gpu_0_memory_MB": 1014,
  "validation_loss": 1.4107473304397182,
  "best_validation_loss": 1.4107473304397182
}