{
  "best_epoch": 130,
  "peak_cpu_memory_MB": 2751.956,
  "peak_gpu_0_memory_MB": 1017,
  "training_duration": "0:31:12.336582",
  "training_start_epoch": 0,
  "training_epochs": 131,
  "epoch": 131,
  "training_loss": 1.394099540611696,
  "training_cpu_memory_MB": 2751.956,
  "training_gpu_0_memory_MB": 1014,
  "validation_loss": 1.4110880243150812,
  "best_validation_loss": 1.4107473304397182
}