{
  "best_epoch": 5,
  "peak_cpu_memory_MB": 2751.924,
  "peak_gpu_0_memory_MB": 1017,
  "training_duration": "0:01:24.726235",
  "training_start_epoch": 0,
  "training_epochs": 5,
  "epoch": 5,
  "training_loss": 1.8029841932319326,
  "training_cpu_memory_MB": 2751.924,
  "training_gpu_0_memory_MB": 1016,
  "validation_loss": 1.7782493955210636,
  "best_validation_loss": 1.7782493955210636
}