{
  "best_epoch": 53,
  "peak_cpu_memory_MB": 2751.944,
  "peak_gpu_0_memory_MB": 1017,
  "training_duration": "0:12:43.354660",
  "training_start_epoch": 0,
  "training_epochs": 53,
  "epoch": 53,
  "training_loss": 1.4405292621731052,
  "training_cpu_memory_MB": 2751.944,
  "training_gpu_0_memory_MB": 1014,
  "validation_loss": 1.448497279694206,
  "best_validation_loss": 1.448497279694206
}