{
  "best_epoch": 34,
  "peak_cpu_memory_MB": 2751.94,
  "peak_gpu_0_memory_MB": 1017,
  "training_duration": "0:08:14.724623",
  "training_start_epoch": 0,
  "training_epochs": 34,
  "epoch": 34,
  "training_loss": 1.475725865928379,
  "training_cpu_memory_MB": 2751.94,
  "training_gpu_0_memory_MB": 1016,
  "validation_loss": 1.4787167498939915,
  "best_validation_loss": 1.4787167498939915
}