{
  "best_epoch": 43,
  "peak_cpu_memory_MB": 2751.944,
  "peak_gpu_0_memory_MB": 1017,
  "training_duration": "0:10:21.964862",
  "training_start_epoch": 0,
  "training_epochs": 43,
  "epoch": 43,
  "training_loss": 1.4558771185621002,
  "training_cpu_memory_MB": 2751.944,
  "training_gpu_0_memory_MB": 1017,
  "validation_loss": 1.4614504262020713,
  "best_validation_loss": 1.4614504262020713
}