{
  "best_epoch": 182,
  "peak_cpu_memory_MB": 2751.964,
  "peak_gpu_0_memory_MB": 1017,
  "training_duration": "0:43:27.803408",
  "training_start_epoch": 0,
  "training_epochs": 183,
  "epoch": 183,
  "training_loss": 1.3825032249004883,
  "training_cpu_memory_MB": 2751.964,
  "training_gpu_0_memory_MB": 1014,
  "validation_loss": 1.4028491754280894,
  "best_validation_loss": 1.4023957440727635
}