{
  "best_epoch": 97,
  "peak_cpu_memory_MB": 2751.952,
  "peak_gpu_0_memory_MB": 1017,
  "training_duration": "0:23:11.930766",
  "training_start_epoch": 0,
  "training_epochs": 97,
  "epoch": 97,
  "training_loss": 1.4066164652271385,
  "training_cpu_memory_MB": 2751.952,
  "training_gpu_0_memory_MB": 1014,
  "validation_loss": 1.4201235990775258,
  "best_validation_loss": 1.4201235990775258
}