{
  "best_epoch": 178,
  "peak_cpu_memory_MB": 2751.964,
  "peak_gpu_0_memory_MB": 1017,
  "training_duration": "0:42:31.151672",
  "training_start_epoch": 0,
  "training_epochs": 179,
  "epoch": 179,
  "training_loss": 1.3829036640697683,
  "training_cpu_memory_MB": 2751.964,
  "training_gpu_0_memory_MB": 1014,
  "validation_loss": 1.4032866609723944,
  "best_validation_loss": 1.4026372809159129
}