{
  "best_epoch": 140,
  "peak_cpu_memory_MB": 2751.956,
  "peak_gpu_0_memory_MB": 1017,
  "training_duration": "0:33:19.719053",
  "training_start_epoch": 0,
  "training_epochs": 140,
  "epoch": 140,
  "training_loss": 1.39161146921519,
  "training_cpu_memory_MB": 2751.956,
  "training_gpu_0_memory_MB": 1014,
  "validation_loss": 1.408672781367051,
  "best_validation_loss": 1.408672781367051
}