{
  "best_epoch": 19,
  "peak_cpu_memory_MB": 2751.94,
  "peak_gpu_0_memory_MB": 1017,
  "training_duration": "0:04:42.524459",
  "training_start_epoch": 0,
  "training_epochs": 19,
  "epoch": 19,
  "training_loss": 1.5405065713549506,
  "training_cpu_memory_MB": 2751.94,
  "training_gpu_0_memory_MB": 1017,
  "validation_loss": 1.5385689013882686,
  "best_validation_loss": 1.5385689013882686
}