{
  "best_epoch": 47,
  "peak_cpu_memory_MB": 2751.944,
  "peak_gpu_0_memory_MB": 1017,
  "training_duration": "0:11:18.494295",
  "training_start_epoch": 0,
  "training_epochs": 47,
  "epoch": 47,
  "training_loss": 1.4491665102321016,
  "training_cpu_memory_MB": 2751.944,
  "training_gpu_0_memory_MB": 1016,
  "validation_loss": 1.4554473538147776,
  "best_validation_loss": 1.4554473538147776
}