{
  "best_epoch": 137,
  "peak_cpu_memory_MB": 2751.956,
  "peak_gpu_0_memory_MB": 1017,
  "training_duration": "0:32:37.142688",
  "training_start_epoch": 0,
  "training_epochs": 137,
  "epoch": 137,
  "training_loss": 1.3925602764067566,
  "training_cpu_memory_MB": 2751.956,
  "training_gpu_0_memory_MB": 1014,
  "validation_loss": 1.4088436459240161,
  "best_validation_loss": 1.4088436459240161
}