{
  "best_epoch": 168,
  "peak_cpu_memory_MB": 2751.96,
  "peak_gpu_0_memory_MB": 1017,
  "training_duration": "0:40:09.732728",
  "training_start_epoch": 0,
  "training_epochs": 169,
  "epoch": 169,
  "training_loss": 1.3847215440146317,
  "training_cpu_memory_MB": 2751.96,
  "training_gpu_0_memory_MB": 1015,
  "validation_loss": 1.404213353207237,
  "best_validation_loss": 1.40397845757635
}