{
  "best_epoch": 120,
  "peak_cpu_memory_MB": 2751.956,
  "peak_gpu_0_memory_MB": 1017,
  "training_duration": "0:28:37.027569",
  "training_start_epoch": 0,
  "training_epochs": 120,
  "epoch": 120,
  "training_loss": 1.3976894095099184,
  "training_cpu_memory_MB": 2751.956,
  "training_gpu_0_memory_MB": 1014,
  "validation_loss": 1.4130347433843111,
  "best_validation_loss": 1.4130347433843111
}