{
  "best_epoch": 168,
  "peak_cpu_memory_MB": 2751.96,
  "peak_gpu_0_memory_MB": 1017,
  "training_duration": "0:40:23.761949",
  "training_start_epoch": 0,
  "training_epochs": 170,
  "epoch": 170,
  "training_loss": 1.3847342740149187,
  "training_cpu_memory_MB": 2751.96,
  "training_gpu_0_memory_MB": 1015,
  "validation_loss": 1.4039926654414128,
  "best_validation_loss": 1.40397845757635
}