{
  "best_epoch": 113,
  "peak_cpu_memory_MB": 2751.952,
  "peak_gpu_0_memory_MB": 1017,
  "training_duration": "0:27:40.414180",
  "training_start_epoch": 0,
  "training_epochs": 116,
  "epoch": 116,
  "training_loss": 1.3989804852643661,
  "training_cpu_memory_MB": 2751.952,
  "training_gpu_0_memory_MB": 1014,
  "validation_loss": 1.4152032419254905,
  "best_validation_loss": 1.4148263648936623
}