{
  "best_epoch": 13,
  "peak_cpu_memory_MB": 2751.94,
  "peak_gpu_0_memory_MB": 1017,
  "training_duration": "0:03:17.839789",
  "training_start_epoch": 0,
  "training_epochs": 13,
  "epoch": 13,
  "training_loss": 1.5992945757137953,
  "training_cpu_memory_MB": 2751.94,
  "training_gpu_0_memory_MB": 1016,
  "validation_loss": 1.5933020240382145,
  "best_validation_loss": 1.5933020240382145
}