{
  "best_epoch": 156,
  "peak_cpu_memory_MB": 2751.96,
  "peak_gpu_0_memory_MB": 1017,
  "training_duration": "0:37:19.982333",
  "training_start_epoch": 0,
  "training_epochs": 157,
  "epoch": 157,
  "training_loss": 1.3874939733003018,
  "training_cpu_memory_MB": 2751.96,
  "training_gpu_0_memory_MB": 1014,
  "validation_loss": 1.4059338255932456,
  "best_validation_loss": 1.4053544684460288
}