{
  "best_epoch": 89,
  "peak_cpu_memory_MB": 2751.948,
  "peak_gpu_0_memory_MB": 1017,
  "training_duration": "0:21:17.843268",
  "training_start_epoch": 0,
  "training_epochs": 89,
  "epoch": 89,
  "training_loss": 1.4107711815975121,
  "training_cpu_memory_MB": 2751.948,
  "training_gpu_0_memory_MB": 1014,
  "validation_loss": 1.4235832753934359,
  "best_validation_loss": 1.4235832753934359
}