{
  "best_epoch": 33,
  "peak_cpu_memory_MB": 2751.94,
  "peak_gpu_0_memory_MB": 1017,
  "training_duration": "0:08:00.462026",
  "training_start_epoch": 0,
  "training_epochs": 33,
  "epoch": 33,
  "training_loss": 1.478521356921224,
  "training_cpu_memory_MB": 2751.94,
  "training_gpu_0_memory_MB": 1016,
  "validation_loss": 1.4814264711580778,
  "best_validation_loss": 1.4814264711580778
}