{
  "best_epoch": 81,
  "peak_cpu_memory_MB": 2751.948,
  "peak_gpu_0_memory_MB": 1017,
  "training_duration": "0:19:24.113160",
  "training_start_epoch": 0,
  "training_epochs": 81,
  "epoch": 81,
  "training_loss": 1.4156471847077092,
  "training_cpu_memory_MB": 2751.948,
  "training_gpu_0_memory_MB": 1015,
  "validation_loss": 1.4270724403230768,
  "best_validation_loss": 1.4270724403230768
}