{
  "best_epoch": 197,
  "peak_cpu_memory_MB": 2751.964,
  "peak_gpu_0_memory_MB": 1017,
  "training_duration": "0:46:46.211611",
  "training_start_epoch": 0,
  "training_epochs": 197,
  "epoch": 197,
  "training_loss": 1.380039585765297,
  "training_cpu_memory_MB": 2751.964,
  "training_gpu_0_memory_MB": 1014,
  "validation_loss": 1.4002491518070823,
  "best_validation_loss": 1.4002491518070823
}