{
  "best_epoch": 100,
  "peak_cpu_memory_MB": 2751.952,
  "peak_gpu_0_memory_MB": 1017,
  "training_duration": "0:23:54.124218",
  "training_start_epoch": 0,
  "training_epochs": 100,
  "epoch": 100,
  "training_loss": 1.4054387183584405,
  "training_cpu_memory_MB": 2751.952,
  "training_gpu_0_memory_MB": 1015,
  "validation_loss": 1.4188197788439298,
  "best_validation_loss": 1.4188197788439298
}