{
  "best_epoch": 146,
  "peak_cpu_memory_MB": 2751.956,
  "peak_gpu_0_memory_MB": 1017,
  "training_duration": "0:34:44.553873",
  "training_start_epoch": 0,
  "training_epochs": 146,
  "epoch": 146,
  "training_loss": 1.3900001151321908,
  "training_cpu_memory_MB": 2751.956,
  "training_gpu_0_memory_MB": 1015,
  "validation_loss": 1.4073272849384106,
  "best_validation_loss": 1.4073272849384106
}