{
  "best_epoch": 176,
  "peak_cpu_memory_MB": 2751.96,
  "peak_gpu_0_memory_MB": 1017,
  "training_duration": "0:42:02.849370",
  "training_start_epoch": 0,
  "training_epochs": 177,
  "epoch": 177,
  "training_loss": 1.3833900481991515,
  "training_cpu_memory_MB": 2751.96,
  "training_gpu_0_memory_MB": 1014,
  "validation_loss": 1.4029916713112278,
  "best_validation_loss": 1.4028911559205306
}