{
  "best_epoch": 96,
  "peak_cpu_memory_MB": 2751.952,
  "peak_gpu_0_memory_MB": 1017,
  "training_duration": "0:22:56.843199",
  "training_start_epoch": 0,
  "training_epochs": 96,
  "epoch": 96,
  "training_loss": 1.4071739943775199,
  "training_cpu_memory_MB": 2751.952,
  "training_gpu_0_memory_MB": 1014,
  "validation_loss": 1.420428825052161,
  "best_validation_loss": 1.420428825052161
}