{
  "best_epoch": 193,
  "peak_cpu_memory_MB": 2751.964,
  "peak_gpu_0_memory_MB": 1017,
  "training_duration": "0:46:03.248466",
  "training_start_epoch": 0,
  "training_epochs": 194,
  "epoch": 194,
  "training_loss": 1.3804369085639185,
  "training_cpu_memory_MB": 2751.964,
  "training_gpu_0_memory_MB": 1014,
  "validation_loss": 1.401512440882231,
  "best_validation_loss": 1.401034819452386
}