{
  "best_epoch": 140,
  "peak_cpu_memory_MB": 2751.956,
  "peak_gpu_0_memory_MB": 1017,
  "training_duration": "0:33:47.838626",
  "training_start_epoch": 0,
  "training_epochs": 142,
  "epoch": 142,
  "training_loss": 1.3909060433066103,
  "training_cpu_memory_MB": 2751.956,
  "training_gpu_0_memory_MB": 1015,
  "validation_loss": 1.409056494110509,
  "best_validation_loss": 1.408672781367051
}