{
  "best_epoch": 111,
  "peak_cpu_memory_MB": 2751.952,
  "peak_gpu_0_memory_MB": 1017,
  "training_duration": "0:26:29.888224",
  "training_start_epoch": 0,
  "training_epochs": 111,
  "epoch": 111,
  "training_loss": 1.4008991086976768,
  "training_cpu_memory_MB": 2751.952,
  "training_gpu_0_memory_MB": 1014,
  "validation_loss": 1.415720892579932,
  "best_validation_loss": 1.415720892579932
}