{
  "best_epoch": 76,
  "peak_cpu_memory_MB": 2751.948,
  "peak_gpu_0_memory_MB": 1017,
  "training_duration": "0:18:13.690747",
  "training_start_epoch": 0,
  "training_epochs": 76,
  "epoch": 76,
  "training_loss": 1.419084361671696,
  "training_cpu_memory_MB": 2751.948,
  "training_gpu_0_memory_MB": 1014,
  "validation_loss": 1.43025667416422,
  "best_validation_loss": 1.43025667416422
}