{
  "best_epoch": 44,
  "peak_cpu_memory_MB": 2751.944,
  "peak_gpu_0_memory_MB": 1017,
  "training_duration": "0:10:36.074868",
  "training_start_epoch": 0,
  "training_epochs": 44,
  "epoch": 44,
  "training_loss": 1.454031999999955,
  "training_cpu_memory_MB": 2751.944,
  "training_gpu_0_memory_MB": 1017,
  "validation_loss": 1.459590052303515,
  "best_validation_loss": 1.459590052303515
}