{
  "best_epoch": 85,
  "peak_cpu_memory_MB": 2751.948,
  "peak_gpu_0_memory_MB": 1017,
  "training_duration": "0:20:20.664711",
  "training_start_epoch": 0,
  "training_epochs": 85,
  "epoch": 85,
  "training_loss": 1.4130421799315502,
  "training_cpu_memory_MB": 2751.948,
  "training_gpu_0_memory_MB": 1015,
  "validation_loss": 1.4250614423500865,
  "best_validation_loss": 1.4250614423500865
}