{
  "best_epoch": 60,
  "peak_cpu_memory_MB": 2751.944,
  "peak_gpu_0_memory_MB": 1017,
  "training_duration": "0:14:22.440625",
  "training_start_epoch": 0,
  "training_epochs": 60,
  "epoch": 60,
  "training_loss": 1.4326270286148117,
  "training_cpu_memory_MB": 2751.944,
  "training_gpu_0_memory_MB": 1015,
  "validation_loss": 1.4411081169780933,
  "best_validation_loss": 1.4411081169780933
}