{
  "best_epoch": 156,
  "peak_cpu_memory_MB": 2751.96,
  "peak_gpu_0_memory_MB": 1017,
  "training_duration": "0:38:30.666253",
  "training_start_epoch": 0,
  "training_epochs": 162,
  "epoch": 162,
  "training_loss": 1.3862996235401672,
  "training_cpu_memory_MB": 2751.96,
  "training_gpu_0_memory_MB": 1014,
  "validation_loss": 1.4055110027915554,
  "best_validation_loss": 1.4053544684460288
}