{
  "best_epoch": 173,
  "peak_cpu_memory_MB": 2751.96,
  "peak_gpu_0_memory_MB": 1017,
  "training_duration": "0:41:34.634970",
  "training_start_epoch": 0,
  "training_epochs": 175,
  "epoch": 175,
  "training_loss": 1.3837077702290914,
  "training_cpu_memory_MB": 2751.96,
  "training_gpu_0_memory_MB": 1014,
  "validation_loss": 1.4035925896544206,
  "best_validation_loss": 1.4033616122446562
}