{
  "best_epoch": 84,
  "peak_cpu_memory_MB": 2751.948,
  "peak_gpu_0_memory_MB": 1017,
  "training_duration": "0:20:06.689623",
  "training_start_epoch": 0,
  "training_epochs": 84,
  "epoch": 84,
  "training_loss": 1.4137619769079446,
  "training_cpu_memory_MB": 2751.948,
  "training_gpu_0_memory_MB": 1015,
  "validation_loss": 1.4260893150379783,
  "best_validation_loss": 1.4260893150379783
}