{
  "best_epoch": 67,
  "peak_cpu_memory_MB": 2751.948,
  "peak_gpu_0_memory_MB": 1017,
  "training_duration": "0:16:01.338126",
  "training_start_epoch": 0,
  "training_epochs": 67,
  "epoch": 67,
  "training_loss": 1.4260308336929457,
  "training_cpu_memory_MB": 2751.948,
  "training_gpu_0_memory_MB": 1014,
  "validation_loss": 1.4357603725634123,
  "best_validation_loss": 1.4357603725634123
}