{
  "best_epoch": 49,
  "peak_cpu_memory_MB": 2751.944,
  "peak_gpu_0_memory_MB": 1017,
  "training_duration": "0:11:46.892571",
  "training_start_epoch": 0,
  "training_epochs": 49,
  "epoch": 49,
  "training_loss": 1.4461409809321342,
  "training_cpu_memory_MB": 2751.944,
  "training_gpu_0_memory_MB": 1016,
  "validation_loss": 1.453309758713371,
  "best_validation_loss": 1.453309758713371
}