{
  "best_epoch": 1,
  "peak_cpu_memory_MB": 2751.844,
  "peak_gpu_0_memory_MB": 1017,
  "training_duration": "0:00:28.086274",
  "training_start_epoch": 0,
  "training_epochs": 1,
  "epoch": 1,
  "training_loss": 2.186209163722202,
  "training_cpu_memory_MB": 2751.844,
  "training_gpu_0_memory_MB": 1017,
  "validation_loss": 2.088695344172026,
  "best_validation_loss": 2.088695344172026
}