{
  "best_epoch": 21,
  "peak_cpu_memory_MB": 2751.94,
  "peak_gpu_0_memory_MB": 1017,
  "training_duration": "0:05:10.793715",
  "training_start_epoch": 0,
  "training_epochs": 21,
  "epoch": 21,
  "training_loss": 1.5273763015425417,
  "training_cpu_memory_MB": 2751.94,
  "training_gpu_0_memory_MB": 1017,
  "validation_loss": 1.5260406826671802,
  "best_validation_loss": 1.5260406826671802
}