{
  "best_epoch": 173,
  "peak_cpu_memory_MB": 2751.96,
  "peak_gpu_0_memory_MB": 1017,
  "training_duration": "0:41:20.545177",
  "training_start_epoch": 0,
  "training_epochs": 174,
  "epoch": 174,
  "training_loss": 1.3837583093248176,
  "training_cpu_memory_MB": 2751.96,
  "training_gpu_0_memory_MB": 1014,
  "validation_loss": 1.4036046988085698,
  "best_validation_loss": 1.4033616122446562
}