{
  "best_epoch": 87,
  "peak_cpu_memory_MB": 2751.948,
  "peak_gpu_0_memory_MB": 1017,
  "training_duration": "0:20:49.540953",
  "training_start_epoch": 0,
  "training_epochs": 87,
  "epoch": 87,
  "training_loss": 1.4120992619610397,
  "training_cpu_memory_MB": 2751.948,
  "training_gpu_0_memory_MB": 1014,
  "validation_loss": 1.4247274210578518,
  "best_validation_loss": 1.4247274210578518
}