{
  "best_epoch": 150,
  "peak_cpu_memory_MB": 2751.956,
  "peak_gpu_0_memory_MB": 1017,
  "training_duration": "0:35:40.893577",
  "training_start_epoch": 0,
  "training_epochs": 150,
  "epoch": 150,
  "training_loss": 1.3890542430285167,
  "training_cpu_memory_MB": 2751.956,
  "training_gpu_0_memory_MB": 1015,
  "validation_loss": 1.4063324300866378,
  "best_validation_loss": 1.4063324300866378
}