{
  "best_epoch": 22,
  "peak_cpu_memory_MB": 2751.94,
  "peak_gpu_0_memory_MB": 1017,
  "training_duration": "0:05:24.864990",
  "training_start_epoch": 0,
  "training_epochs": 22,
  "epoch": 22,
  "training_loss": 1.5214193629089898,
  "training_cpu_memory_MB": 2751.94,
  "training_gpu_0_memory_MB": 1017,
  "validation_loss": 1.521442949771881,
  "best_validation_loss": 1.521442949771881
}