{
  "best_epoch": 176,
  "peak_cpu_memory_MB": 2751.96,
  "peak_gpu_0_memory_MB": 1017,
  "training_duration": "0:41:48.716990",
  "training_start_epoch": 0,
  "training_epochs": 176,
  "epoch": 176,
  "training_loss": 1.383581040526283,
  "training_cpu_memory_MB": 2751.96,
  "training_gpu_0_memory_MB": 1014,
  "validation_loss": 1.4028911559205306,
  "best_validation_loss": 1.4028911559205306
}