{
  "best_epoch": 41,
  "peak_cpu_memory_MB": 2751.944,
  "peak_gpu_0_memory_MB": 1017,
  "training_duration": "0:09:53.756322",
  "training_start_epoch": 0,
  "training_epochs": 41,
  "epoch": 41,
  "training_loss": 1.4596062143878823,
  "training_cpu_memory_MB": 2751.944,
  "training_gpu_0_memory_MB": 1017,
  "validation_loss": 1.4646208882331848,
  "best_validation_loss": 1.4646208882331848
}