{
  "best_epoch": 27,
  "peak_cpu_memory_MB": 2751.94,
  "peak_gpu_0_memory_MB": 1017,
  "training_duration": "0:06:35.682059",
  "training_start_epoch": 0,
  "training_epochs": 27,
  "epoch": 27,
  "training_loss": 1.4981780796361392,
  "training_cpu_memory_MB": 2751.94,
  "training_gpu_0_memory_MB": 1016,
  "validation_loss": 1.4995787457415932,
  "best_validation_loss": 1.4995787457415932
}