{
  "best_epoch": 12,
  "peak_cpu_memory_MB": 2751.94,
  "peak_gpu_0_memory_MB": 1017,
  "training_duration": "0:03:03.580441",
  "training_start_epoch": 0,
  "training_epochs": 12,
  "epoch": 12,
  "training_loss": 1.6132373351317186,
  "training_cpu_memory_MB": 2751.94,
  "training_gpu_0_memory_MB": 1016,
  "validation_loss": 1.6061553672740334,
  "best_validation_loss": 1.6061553672740334
}