{
  "best_epoch": 113,
  "peak_cpu_memory_MB": 2751.952,
  "peak_gpu_0_memory_MB": 1017,
  "training_duration": "0:27:12.278829",
  "training_start_epoch": 0,
  "training_epochs": 114,
  "epoch": 114,
  "training_loss": 1.3996155889781974,
  "training_cpu_memory_MB": 2751.952,
  "training_gpu_0_memory_MB": 1015,
  "validation_loss": 1.4151284537817304,
  "best_validation_loss": 1.4148263648936623
}