{
  "best_epoch": 72,
  "peak_cpu_memory_MB": 2751.948,
  "peak_gpu_0_memory_MB": 1017,
  "training_duration": "0:17:12.001984",
  "training_start_epoch": 0,
  "training_epochs": 72,
  "epoch": 72,
  "training_loss": 1.4219929628823635,
  "training_cpu_memory_MB": 2751.948,
  "training_gpu_0_memory_MB": 1014,
  "validation_loss": 1.4319086231683429,
  "best_validation_loss": 1.4319086231683429
}