{
  "best_epoch": 88,
  "peak_cpu_memory_MB": 2751.948,
  "peak_gpu_0_memory_MB": 1017,
  "training_duration": "0:21:03.622408",
  "training_start_epoch": 0,
  "training_epochs": 88,
  "epoch": 88,
  "training_loss": 1.4115760234686046,
  "training_cpu_memory_MB": 2751.948,
  "training_gpu_0_memory_MB": 1014,
  "validation_loss": 1.4239738677677356,
  "best_validation_loss": 1.4239738677677356
}