{
  "best_epoch": 152,
  "peak_cpu_memory_MB": 2751.96,
  "peak_gpu_0_memory_MB": 1017,
  "training_duration": "0:36:37.594340",
  "training_start_epoch": 0,
  "training_epochs": 154,
  "epoch": 154,
  "training_loss": 1.388054720748811,
  "training_cpu_memory_MB": 2751.96,
  "training_gpu_0_memory_MB": 1014,
  "validation_loss": 1.4068884128018428,
  "best_validation_loss": 1.4058199524879456
}