{
  "best_epoch": 10,
  "peak_cpu_memory_MB": 2751.936,
  "peak_gpu_0_memory_MB": 1017,
  "training_duration": "0:02:35.229948",
  "training_start_epoch": 0,
  "training_epochs": 10,
  "epoch": 10,
  "training_loss": 1.647628005087023,
  "training_cpu_memory_MB": 2751.936,
  "training_gpu_0_memory_MB": 1016,
  "validation_loss": 1.6379767875922353,
  "best_validation_loss": 1.6379767875922353
}