{
  "best_epoch": 38,
  "peak_cpu_memory_MB": 2751.944,
  "peak_gpu_0_memory_MB": 1017,
  "training_duration": "0:09:11.061794",
  "training_start_epoch": 0,
  "training_epochs": 38,
  "epoch": 38,
  "training_loss": 1.4659596173720952,
  "training_cpu_memory_MB": 2751.944,
  "training_gpu_0_memory_MB": 1017,
  "validation_loss": 1.4708830306404514,
  "best_validation_loss": 1.4708830306404514
}