{
  "best_epoch": 20,
  "peak_cpu_memory_MB": 2751.94,
  "peak_gpu_0_memory_MB": 1017,
  "training_duration": "0:04:56.713858",
  "training_start_epoch": 0,
  "training_epochs": 20,
  "epoch": 20,
  "training_loss": 1.533661001885431,
  "training_cpu_memory_MB": 2751.94,
  "training_gpu_0_memory_MB": 1017,
  "validation_loss": 1.5326695975504423,
  "best_validation_loss": 1.5326695975504423
}