{
  "best_epoch": 168,
  "peak_cpu_memory_MB": 2751.96,
  "peak_gpu_0_memory_MB": 1017,
  "training_duration": "0:40:37.926660",
  "training_start_epoch": 0,
  "training_epochs": 171,
  "epoch": 171,
  "training_loss": 1.384357619920426,
  "training_cpu_memory_MB": 2751.96,
  "training_gpu_0_memory_MB": 1015,
  "validation_loss": 1.4040389907987494,
  "best_validation_loss": 1.40397845757635
}