{
  "best_epoch": 120,
  "peak_cpu_memory_MB": 2751.956,
  "peak_gpu_0_memory_MB": 1017,
  "training_duration": "0:28:51.105560",
  "training_start_epoch": 0,
  "training_epochs": 121,
  "epoch": 121,
  "training_loss": 1.3971342652507082,
  "training_cpu_memory_MB": 2751.956,
  "training_gpu_0_memory_MB": 1015,
  "validation_loss": 1.4131094719234265,
  "best_validation_loss": 1.4130347433843111
}