{
  "best_epoch": 168,
  "peak_cpu_memory_MB": 2751.96,
  "peak_gpu_0_memory_MB": 1017,
  "training_duration": "0:39:55.600414",
  "training_start_epoch": 0,
  "training_epochs": 168,
  "epoch": 168,
  "training_loss": 1.3851203188388306,
  "training_cpu_memory_MB": 2751.96,
  "training_gpu_0_memory_MB": 1015,
  "validation_loss": 1.40397845757635,
  "best_validation_loss": 1.40397845757635
}