{
  "best_epoch": 163,
  "peak_cpu_memory_MB": 2751.96,
  "peak_gpu_0_memory_MB": 1017,
  "training_duration": "0:38:44.737492",
  "training_start_epoch": 0,
  "training_epochs": 163,
  "epoch": 163,
  "training_loss": 1.3862575423082657,
  "training_cpu_memory_MB": 2751.96,
  "training_gpu_0_memory_MB": 1015,
  "validation_loss": 1.4046629228089984,
  "best_validation_loss": 1.4046629228089984
}