{
  "best_epoch": 134,
  "peak_cpu_memory_MB": 2751.956,
  "peak_gpu_0_memory_MB": 1017,
  "training_duration": "0:31:54.802841",
  "training_start_epoch": 0,
  "training_epochs": 134,
  "epoch": 134,
  "training_loss": 1.3929676847345025,
  "training_cpu_memory_MB": 2751.956,
  "training_gpu_0_memory_MB": 1014,
  "validation_loss": 1.4094340236563432,
  "best_validation_loss": 1.4094340236563432
}