{
  "best_epoch": 30,
  "peak_cpu_memory_MB": 2751.94,
  "peak_gpu_0_memory_MB": 1017,
  "training_duration": "0:07:17.909223",
  "training_start_epoch": 0,
  "training_epochs": 30,
  "epoch": 30,
  "training_loss": 1.4874037003376075,
  "training_cpu_memory_MB": 2751.94,
  "training_gpu_0_memory_MB": 1016,
  "validation_loss": 1.4906730400888544,
  "best_validation_loss": 1.4906730400888544
}