{
  "best_epoch": 77,
  "peak_cpu_memory_MB": 2751.948,
  "peak_gpu_0_memory_MB": 1017,
  "training_duration": "0:18:27.878240",
  "training_start_epoch": 0,
  "training_epochs": 77,
  "epoch": 77,
  "training_loss": 1.4181556472411523,
  "training_cpu_memory_MB": 2751.948,
  "training_gpu_0_memory_MB": 1014,
  "validation_loss": 1.4291311659310992,
  "best_validation_loss": 1.4291311659310992
}