{
  "best_epoch": 152,
  "peak_cpu_memory_MB": 2751.96,
  "peak_gpu_0_memory_MB": 1017,
  "training_duration": "0:36:09.175667",
  "training_start_epoch": 0,
  "training_epochs": 152,
  "epoch": 152,
  "training_loss": 1.3885786434602456,
  "training_cpu_memory_MB": 2751.96,
  "training_gpu_0_memory_MB": 1014,
  "validation_loss": 1.4058199524879456,
  "best_validation_loss": 1.4058199524879456
}