{
  "best_epoch": 8,
  "peak_cpu_memory_MB": 2751.932,
  "peak_gpu_0_memory_MB": 1017,
  "training_duration": "0:02:07.092404",
  "training_start_epoch": 0,
  "training_epochs": 8,
  "epoch": 8,
  "training_loss": 1.694219754645105,
  "training_cpu_memory_MB": 2751.932,
  "training_gpu_0_memory_MB": 1016,
  "validation_loss": 1.680360574471323,
  "best_validation_loss": 1.680360574471323
}