{
  "best_epoch": 144,
  "peak_cpu_memory_MB": 2751.956,
  "peak_gpu_0_memory_MB": 1017,
  "training_duration": "0:34:16.099229",
  "training_start_epoch": 0,
  "training_epochs": 144,
  "epoch": 144,
  "training_loss": 1.3906089582386807,
  "training_cpu_memory_MB": 2751.956,
  "training_gpu_0_memory_MB": 1015,
  "validation_loss": 1.4082554327814203,
  "best_validation_loss": 1.4082554327814203
}