{
  "best_epoch": 68,
  "peak_cpu_memory_MB": 2751.948,
  "peak_gpu_0_memory_MB": 1017,
  "training_duration": "0:16:15.564372",
  "training_start_epoch": 0,
  "training_epochs": 68,
  "epoch": 68,
  "training_loss": 1.4250951257683115,
  "training_cpu_memory_MB": 2751.948,
  "training_gpu_0_memory_MB": 1014,
  "validation_loss": 1.4348019894800688,
  "best_validation_loss": 1.4348019894800688
}