{
  "best_epoch": 86,
  "peak_cpu_memory_MB": 2751.948,
  "peak_gpu_0_memory_MB": 1017,
  "training_duration": "0:20:34.718775",
  "training_start_epoch": 0,
  "training_epochs": 86,
  "epoch": 86,
  "training_loss": 1.4122916273111423,
  "training_cpu_memory_MB": 2751.948,
  "training_gpu_0_memory_MB": 1015,
  "validation_loss": 1.424783838422675,
  "best_validation_loss": 1.424783838422675
}