{
  "best_epoch": 36,
  "peak_cpu_memory_MB": 2751.944,
  "peak_gpu_0_memory_MB": 1017,
  "training_duration": "0:08:42.836303",
  "training_start_epoch": 0,
  "training_epochs": 36,
  "epoch": 36,
  "training_loss": 1.4707381951033012,
  "training_cpu_memory_MB": 2751.944,
  "training_gpu_0_memory_MB": 1016,
  "validation_loss": 1.4749945558999713,
  "best_validation_loss": 1.4749945558999713
}