{
  "best_epoch": 117,
  "peak_cpu_memory_MB": 2751.952,
  "peak_gpu_0_memory_MB": 1017,
  "training_duration": "0:28:08.891237",
  "training_start_epoch": 0,
  "training_epochs": 118,
  "epoch": 118,
  "training_loss": 1.3982254838097026,
  "training_cpu_memory_MB": 2751.952,
  "training_gpu_0_memory_MB": 1014,
  "validation_loss": 1.4143188470288326,
  "best_validation_loss": 1.4139134444688495
}