{
  "best_epoch": 145,
  "peak_cpu_memory_MB": 2751.956,
  "peak_gpu_0_memory_MB": 1017,
  "training_duration": "0:34:30.284417",
  "training_start_epoch": 0,
  "training_epochs": 145,
  "epoch": 145,
  "training_loss": 1.3902866932062001,
  "training_cpu_memory_MB": 2751.956,
  "training_gpu_0_memory_MB": 1015,
  "validation_loss": 1.4080894840391058,
  "best_validation_loss": 1.4080894840391058
}