{
  "best_epoch": 16,
  "peak_cpu_memory_MB": 2751.94,
  "peak_gpu_0_memory_MB": 1017,
  "training_duration": "0:04:00.046908",
  "training_start_epoch": 0,
  "training_epochs": 16,
  "epoch": 16,
  "training_loss": 1.565930499480321,
  "training_cpu_memory_MB": 2751.94,
  "training_gpu_0_memory_MB": 1017,
  "validation_loss": 1.5621406184999567,
  "best_validation_loss": 1.5621406184999567
}