{
  "best_epoch": 185,
  "peak_cpu_memory_MB": 2751.964,
  "peak_gpu_0_memory_MB": 1017,
  "training_duration": "0:44:10.098284",
  "training_start_epoch": 0,
  "training_epochs": 186,
  "epoch": 186,
  "training_loss": 1.3817974374844477,
  "training_cpu_memory_MB": 2751.964,
  "training_gpu_0_memory_MB": 1015,
  "validation_loss": 1.402264024081983,
  "best_validation_loss": 1.4021949360245152
}