{
  "best_epoch": 188,
  "peak_cpu_memory_MB": 2751.964,
  "peak_gpu_0_memory_MB": 1017,
  "training_duration": "0:45:06.743002",
  "training_start_epoch": 0,
  "training_epochs": 190,
  "epoch": 190,
  "training_loss": 1.380941747561009,
  "training_cpu_memory_MB": 2751.964,
  "training_gpu_0_memory_MB": 1015,
  "validation_loss": 1.4019772222167568,
  "best_validation_loss": 1.4013491367038928
}