{
  "best_epoch": 79,
  "peak_cpu_memory_MB": 2751.948,
  "peak_gpu_0_memory_MB": 1017,
  "training_duration": "0:18:55.968589",
  "training_start_epoch": 0,
  "training_epochs": 79,
  "epoch": 79,
  "training_loss": 1.4168645044755654,
  "training_cpu_memory_MB": 2751.948,
  "training_gpu_0_memory_MB": 1015,
  "validation_loss": 1.4277068313799406,
  "best_validation_loss": 1.4277068313799406
}