{
  "best_epoch": 6,
  "peak_cpu_memory_MB": 2751.924,
  "peak_gpu_0_memory_MB": 1017,
  "training_duration": "0:01:38.966711",
  "training_start_epoch": 0,
  "training_epochs": 6,
  "epoch": 6,
  "training_loss": 1.759571359707759,
  "training_cpu_memory_MB": 2751.924,
  "training_gpu_0_memory_MB": 1016,
  "validation_loss": 1.7393889270330731,
  "best_validation_loss": 1.7393889270330731
}