{
  "best_epoch": 117,
  "peak_cpu_memory_MB": 2751.952,
  "peak_gpu_0_memory_MB": 1017,
  "training_duration": "0:27:54.612608",
  "training_start_epoch": 0,
  "training_epochs": 117,
  "epoch": 117,
  "training_loss": 1.3984401420023314,
  "training_cpu_memory_MB": 2751.952,
  "training_gpu_0_memory_MB": 1014,
  "validation_loss": 1.4139134444688495,
  "best_validation_loss": 1.4139134444688495
}