{
  "best_epoch": 58,
  "peak_cpu_memory_MB": 2751.944,
  "peak_gpu_0_memory_MB": 1017,
  "training_duration": "0:13:54.156966",
  "training_start_epoch": 0,
  "training_epochs": 58,
  "epoch": 58,
  "training_loss": 1.4346284563019431,
  "training_cpu_memory_MB": 2751.944,
  "training_gpu_0_memory_MB": 1015,
  "validation_loss": 1.442934484858262,
  "best_validation_loss": 1.442934484858262
}