{
  "best_epoch": 79,
  "peak_cpu_memory_MB": 2751.948,
  "peak_gpu_0_memory_MB": 1017,
  "training_duration": "0:19:10.056684",
  "training_start_epoch": 0,
  "training_epochs": 80,
  "epoch": 80,
  "training_loss": 1.41619000632382,
  "training_cpu_memory_MB": 2751.948,
  "training_gpu_0_memory_MB": 1015,
  "validation_loss": 1.4278446592782672,
  "best_validation_loss": 1.4277068313799406
}