{
  "best_epoch": 45,
  "peak_cpu_memory_MB": 2751.944,
  "peak_gpu_0_memory_MB": 1017,
  "training_duration": "0:10:50.158108",
  "training_start_epoch": 0,
  "training_epochs": 45,
  "epoch": 45,
  "training_loss": 1.4523948766070711,
  "training_cpu_memory_MB": 2751.944,
  "training_gpu_0_memory_MB": 1016,
  "validation_loss": 1.4586950948363857,
  "best_validation_loss": 1.4586950948363857
}