{
  "best_epoch": 197,
  "peak_cpu_memory_MB": 2751.964,
  "peak_gpu_0_memory_MB": 1017,
  "training_duration": "0:47:42.846128",
  "training_start_epoch": 0,
  "training_epochs": 201,
  "epoch": 201,
  "training_loss": 1.379456975403622,
  "training_cpu_memory_MB": 2751.964,
  "training_gpu_0_memory_MB": 1014,
  "validation_loss": 1.400805536069368,
  "best_validation_loss": 1.4002491518070823
}