{
  "best_epoch": 188,
  "peak_cpu_memory_MB": 2751.964,
  "peak_gpu_0_memory_MB": 1017,
  "training_duration": "0:44:38.629882",
  "training_start_epoch": 0,
  "training_epochs": 188,
  "epoch": 188,
  "training_loss": 1.3813302090182107,
  "training_cpu_memory_MB": 2751.964,
  "training_gpu_0_memory_MB": 1015,
  "validation_loss": 1.4013491367038928,
  "best_validation_loss": 1.4013491367038928
}