{
  "best_epoch": 90,
  "peak_cpu_memory_MB": 2751.948,
  "peak_gpu_0_memory_MB": 1017,
  "training_duration": "0:21:32.078202",
  "training_start_epoch": 0,
  "training_epochs": 90,
  "epoch": 90,
  "training_loss": 1.4101708425572639,
  "training_cpu_memory_MB": 2751.948,
  "training_gpu_0_memory_MB": 1014,
  "validation_loss": 1.423417816036626,
  "best_validation_loss": 1.423417816036626
}