{
  "best_epoch": 146,
  "peak_cpu_memory_MB": 2751.956,
  "peak_gpu_0_memory_MB": 1017,
  "training_duration": "0:34:58.667643",
  "training_start_epoch": 0,
  "training_epochs": 147,
  "epoch": 147,
  "training_loss": 1.3899949319969267,
  "training_cpu_memory_MB": 2751.956,
  "training_gpu_0_memory_MB": 1015,
  "validation_loss": 1.407613180185619,
  "best_validation_loss": 1.4073272849384106
}