{
  "best_epoch": 59,
  "peak_cpu_memory_MB": 2751.944,
  "peak_gpu_0_memory_MB": 1017,
  "training_duration": "0:14:08.350067",
  "training_start_epoch": 0,
  "training_epochs": 59,
  "epoch": 59,
  "training_loss": 1.433799605397783,
  "training_cpu_memory_MB": 2751.944,
  "training_gpu_0_memory_MB": 1015,
  "validation_loss": 1.4422978947037144,
  "best_validation_loss": 1.4422978947037144
}