{
  "best_epoch": 133,
  "peak_cpu_memory_MB": 2751.956,
  "peak_gpu_0_memory_MB": 1017,
  "training_duration": "0:31:40.751163",
  "training_start_epoch": 0,
  "training_epochs": 133,
  "epoch": 133,
  "training_loss": 1.3933468147142398,
  "training_cpu_memory_MB": 2751.956,
  "training_gpu_0_memory_MB": 1014,
  "validation_loss": 1.4098324524728876,
  "best_validation_loss": 1.4098324524728876
}