{
  "best_epoch": 127,
  "peak_cpu_memory_MB": 2751.956,
  "peak_gpu_0_memory_MB": 1017,
  "training_duration": "0:30:29.942540",
  "training_start_epoch": 0,
  "training_epochs": 128,
  "epoch": 128,
  "training_loss": 1.3948525310268063,
  "training_cpu_memory_MB": 2751.956,
  "training_gpu_0_memory_MB": 1015,
  "validation_loss": 1.4121446797722264,
  "best_validation_loss": 1.4110345495374579
}