{
  "best_epoch": 42,
  "peak_cpu_memory_MB": 2751.944,
  "peak_gpu_0_memory_MB": 1017,
  "training_duration": "0:10:07.861063",
  "training_start_epoch": 0,
  "training_epochs": 42,
  "epoch": 42,
  "training_loss": 1.4578995514198168,
  "training_cpu_memory_MB": 2751.944,
  "training_gpu_0_memory_MB": 1017,
  "validation_loss": 1.4641261383106834,
  "best_validation_loss": 1.4641261383106834
}