{
  "best_epoch": 71,
  "peak_cpu_memory_MB": 2751.948,
  "peak_gpu_0_memory_MB": 1017,
  "training_duration": "0:16:57.940254",
  "training_start_epoch": 0,
  "training_epochs": 71,
  "epoch": 71,
  "training_loss": 1.4224550607641773,
  "training_cpu_memory_MB": 2751.948,
  "training_gpu_0_memory_MB": 1014,
  "validation_loss": 1.432979862940939,
  "best_validation_loss": 1.432979862940939
}