{
  "best_epoch": 69,
  "peak_cpu_memory_MB": 2751.948,
  "peak_gpu_0_memory_MB": 1017,
  "training_duration": "0:16:29.833888",
  "training_start_epoch": 0,
  "training_epochs": 69,
  "epoch": 69,
  "training_loss": 1.424388369864966,
  "training_cpu_memory_MB": 2751.948,
  "training_gpu_0_memory_MB": 1014,
  "validation_loss": 1.434322924990403,
  "best_validation_loss": 1.434322924990403
}