{
  "best_epoch": 123,
  "peak_cpu_memory_MB": 2751.956,
  "peak_gpu_0_memory_MB": 1017,
  "training_duration": "0:29:19.310088",
  "training_start_epoch": 0,
  "training_epochs": 123,
  "epoch": 123,
  "training_loss": 1.3966271009670912,
  "training_cpu_memory_MB": 2751.956,
  "training_gpu_0_memory_MB": 1015,
  "validation_loss": 1.4120190488664728,
  "best_validation_loss": 1.4120190488664728
}