{
  "best_epoch": 127,
  "peak_cpu_memory_MB": 2751.956,
  "peak_gpu_0_memory_MB": 1017,
  "training_duration": "0:30:44.051907",
  "training_start_epoch": 0,
  "training_epochs": 129,
  "epoch": 129,
  "training_loss": 1.3946182473876771,
  "training_cpu_memory_MB": 2751.956,
  "training_gpu_0_memory_MB": 1014,
  "validation_loss": 1.4114666926233392,
  "best_validation_loss": 1.4110345495374579
}