{
  "best_epoch": 152,
  "peak_cpu_memory_MB": 2751.96,
  "peak_gpu_0_memory_MB": 1017,
  "training_duration": "0:36:23.501074",
  "training_start_epoch": 0,
  "training_epochs": 153,
  "epoch": 153,
  "training_loss": 1.388307227185492,
  "training_cpu_memory_MB": 2751.96,
  "training_gpu_0_memory_MB": 1014,
  "validation_loss": 1.4067805817252712,
  "best_validation_loss": 1.4058199524879456
}