{
  "best_epoch": 156,
  "peak_cpu_memory_MB": 2751.96,
  "peak_gpu_0_memory_MB": 1017,
  "training_duration": "0:38:16.617908",
  "training_start_epoch": 0,
  "training_epochs": 161,
  "epoch": 161,
  "training_loss": 1.3865109533953244,
  "training_cpu_memory_MB": 2751.96,
  "training_gpu_0_memory_MB": 1014,
  "validation_loss": 1.4061841431416964,
  "best_validation_loss": 1.4053544684460288
}