{
  "best_epoch": 125,
  "peak_cpu_memory_MB": 2751.956,
  "peak_gpu_0_memory_MB": 1017,
  "training_duration": "0:29:47.817887",
  "training_start_epoch": 0,
  "training_epochs": 125,
  "epoch": 125,
  "training_loss": 1.3959982903046015,
  "training_cpu_memory_MB": 2751.956,
  "training_gpu_0_memory_MB": 1015,
  "validation_loss": 1.4117410277065479,
  "best_validation_loss": 1.4117410277065479
}