{
  "best_epoch": 61,
  "peak_cpu_memory_MB": 2751.944,
  "peak_gpu_0_memory_MB": 1017,
  "training_duration": "0:14:36.665592",
  "training_start_epoch": 0,
  "training_epochs": 61,
  "epoch": 61,
  "training_loss": 1.4314752520894158,
  "training_cpu_memory_MB": 2751.944,
  "training_gpu_0_memory_MB": 1015,
  "validation_loss": 1.440480859656083,
  "best_validation_loss": 1.440480859656083
}