{
  "best_epoch": 52,
  "peak_cpu_memory_MB": 2751.944,
  "peak_gpu_0_memory_MB": 1017,
  "training_duration": "0:12:29.235868",
  "training_start_epoch": 0,
  "training_epochs": 52,
  "epoch": 52,
  "training_loss": 1.4418321015566764,
  "training_cpu_memory_MB": 2751.944,
  "training_gpu_0_memory_MB": 1014,
  "validation_loss": 1.4494089892036037,
  "best_validation_loss": 1.4494089892036037
}