{
  "best_epoch": 122,
  "peak_cpu_memory_MB": 2751.956,
  "peak_gpu_0_memory_MB": 1017,
  "training_duration": "0:29:05.224380",
  "training_start_epoch": 0,
  "training_epochs": 122,
  "epoch": 122,
  "training_loss": 1.39706030999415,
  "training_cpu_memory_MB": 2751.956,
  "training_gpu_0_memory_MB": 1015,
  "validation_loss": 1.4127677867287083,
  "best_validation_loss": 1.4127677867287083
}