{
  "best_epoch": 75,
  "peak_cpu_memory_MB": 2751.948,
  "peak_gpu_0_memory_MB": 1017,
  "training_duration": "0:17:57.110880",
  "training_start_epoch": 0,
  "training_epochs": 75,
  "epoch": 75,
  "training_loss": 1.4195737630657896,
  "training_cpu_memory_MB": 2751.948,
  "training_gpu_0_memory_MB": 1014,
  "validation_loss": 1.4304563371758712,
  "best_validation_loss": 1.4304563371758712
}