{
  "best_epoch": 83,
  "peak_cpu_memory_MB": 2751.948,
  "peak_gpu_0_memory_MB": 1017,
  "training_duration": "0:19:52.577791",
  "training_start_epoch": 0,
  "training_epochs": 83,
  "epoch": 83,
  "training_loss": 1.4142886939838792,
  "training_cpu_memory_MB": 2751.948,
  "training_gpu_0_memory_MB": 1015,
  "validation_loss": 1.4264692287696035,
  "best_validation_loss": 1.4264692287696035
}