{
  "best_epoch": 195,
  "peak_cpu_memory_MB": 2751.964,
  "peak_gpu_0_memory_MB": 1017,
  "training_duration": "0:46:17.506360",
  "training_start_epoch": 0,
  "training_epochs": 195,
  "epoch": 195,
  "training_loss": 1.3801072109380417,
  "training_cpu_memory_MB": 2751.964,
  "training_gpu_0_memory_MB": 1014,
  "validation_loss": 1.4008747370619523,
  "best_validation_loss": 1.4008747370619523
}