{
  "best_epoch": 119,
  "peak_cpu_memory_MB": 2751.956,
  "peak_gpu_0_memory_MB": 1017,
  "training_duration": "0:28:23.006848",
  "training_start_epoch": 0,
  "training_epochs": 119,
  "epoch": 119,
  "training_loss": 1.3980291073138897,
  "training_cpu_memory_MB": 2751.956,
  "training_gpu_0_memory_MB": 1014,
  "validation_loss": 1.4138546429182355,
  "best_validation_loss": 1.4138546429182355
}