{
  "best_epoch": 11,
  "peak_cpu_memory_MB": 2751.94,
  "peak_gpu_0_memory_MB": 1017,
  "training_duration": "0:02:49.309678",
  "training_start_epoch": 0,
  "training_epochs": 11,
  "epoch": 11,
  "training_loss": 1.629456082039331,
  "training_cpu_memory_MB": 2751.94,
  "training_gpu_0_memory_MB": 1016,
  "validation_loss": 1.6213726338587309,
  "best_validation_loss": 1.6213726338587309
}