{
  "best_epoch": 172,
  "peak_cpu_memory_MB": 2751.96,
  "peak_gpu_0_memory_MB": 1017,
  "training_duration": "0:40:52.019611",
  "training_start_epoch": 0,
  "training_epochs": 172,
  "epoch": 172,
  "training_loss": 1.3842711967124035,
  "training_cpu_memory_MB": 2751.96,
  "training_gpu_0_memory_MB": 1014,
  "validation_loss": 1.4035889506340027,
  "best_validation_loss": 1.4035889506340027
}