{
  "best_epoch": 40,
  "peak_cpu_memory_MB": 2751.944,
  "peak_gpu_0_memory_MB": 1017,
  "training_duration": "0:09:39.444631",
  "training_start_epoch": 0,
  "training_epochs": 40,
  "epoch": 40,
  "training_loss": 1.4620616097422041,
  "training_cpu_memory_MB": 2751.944,
  "training_gpu_0_memory_MB": 1017,
  "validation_loss": 1.4677245303204185,
  "best_validation_loss": 1.4677245303204185
}