{
  "best_epoch": 175,
  "peak_cpu_memory_MB": 2750.232,
  "peak_gpu_0_memory_MB": 970,
  "training_duration": "6:18:29.149027",
  "training_start_epoch": 0,
  "training_epochs": 175,
  "epoch": 175,
  "training_loss": 1.3841163371441632,
  "training_cpu_memory_MB": 2750.232,
  "training_gpu_0_memory_MB": 953,
  "validation_loss": 1.404899929699145,
  "best_validation_loss": 1.404899929699145
}