{
  "best_epoch": 143,
  "peak_cpu_memory_MB": 2750.128,
  "peak_gpu_0_memory_MB": 962,
  "training_duration": "5:09:34.143646",
  "training_start_epoch": 0,
  "training_epochs": 143,
  "epoch": 143,
  "training_loss": 1.3914737800169272,
  "training_cpu_memory_MB": 2750.128,
  "training_gpu_0_memory_MB": 961,
  "validation_loss": 1.4101692030304356,
  "best_validation_loss": 1.4101692030304356
}