{
  "best_epoch": 64,
  "peak_cpu_memory_MB": 2750.116,
  "peak_gpu_0_memory_MB": 960,
  "training_duration": "2:19:51.144942",
  "training_start_epoch": 0,
  "training_epochs": 64,
  "epoch": 64,
  "training_loss": 1.4316879870623527,
  "training_cpu_memory_MB": 2750.116,
  "training_gpu_0_memory_MB": 960,
  "validation_loss": 1.4433589232595343,
  "best_validation_loss": 1.4433589232595343
}