{
  "best_epoch": 41,
  "peak_cpu_memory_MB": 2750.116,
  "peak_gpu_0_memory_MB": 960,
  "training_duration": "1:30:23.507035",
  "training_start_epoch": 0,
  "training_epochs": 41,
  "epoch": 41,
  "training_loss": 1.4641289859128421,
  "training_cpu_memory_MB": 2750.116,
  "training_gpu_0_memory_MB": 960,
  "validation_loss": 1.4710784554481506,
  "best_validation_loss": 1.4710784554481506
}