{
  "best_epoch": 165,
  "peak_cpu_memory_MB": 2750.132,
  "peak_gpu_0_memory_MB": 970,
  "training_duration": "5:56:58.838094",
  "training_start_epoch": 0,
  "training_epochs": 165,
  "epoch": 165,
  "training_loss": 1.3860617650331124,
  "training_cpu_memory_MB": 2750.132,
  "training_gpu_0_memory_MB": 952,
  "validation_loss": 1.4061962303362394,
  "best_validation_loss": 1.4061962303362394
}