{
  "best_epoch": 177,
  "peak_cpu_memory_MB": 2750.232,
  "peak_gpu_0_memory_MB": 970,
  "training_duration": "6:24:56.402088",
  "training_start_epoch": 0,
  "training_epochs": 178,
  "epoch": 178,
  "training_loss": 1.383382036135747,
  "training_cpu_memory_MB": 2750.232,
  "training_gpu_0_memory_MB": 952,
  "validation_loss": 1.4044567785764996,
  "best_validation_loss": 1.404415525888142
}