{
  "best_epoch": 160,
  "peak_cpu_memory_MB": 2750.132,
  "peak_gpu_0_memory_MB": 970,
  "training_duration": "5:50:32.086601",
  "training_start_epoch": 0,
  "training_epochs": 162,
  "epoch": 162,
  "training_loss": 1.3868202845725788,
  "training_cpu_memory_MB": 2750.132,
  "training_gpu_0_memory_MB": 952,
  "validation_loss": 1.407320094735999,
  "best_validation_loss": 1.4066786546456187
}