{
  "best_epoch": 15,
  "peak_cpu_memory_MB": 2750.008,
  "peak_gpu_0_memory_MB": 960,
  "training_duration": "0:34:33.180277",
  "training_start_epoch": 0,
  "training_epochs": 15,
  "epoch": 15,
  "training_loss": 1.5878033133653493,
  "training_cpu_memory_MB": 2750.008,
  "training_gpu_0_memory_MB": 959,
  "validation_loss": 1.5832485305635553,
  "best_validation_loss": 1.5832485305635553
}