{
  "best_epoch": 150,
  "peak_cpu_memory_MB": 2750.128,
  "peak_gpu_0_memory_MB": 970,
  "training_duration": "5:24:44.793179",
  "training_start_epoch": 0,
  "training_epochs": 150,
  "epoch": 150,
  "training_loss": 1.3898951598173062,
  "training_cpu_memory_MB": 2750.128,
  "training_gpu_0_memory_MB": 954,
  "validation_loss": 1.4090712948849327,
  "best_validation_loss": 1.4090712948849327
}