{
  "best_epoch": 146,
  "peak_cpu_memory_MB": 2750.128,
  "peak_gpu_0_memory_MB": 962,
  "training_duration": "5:18:13.795176",
  "training_start_epoch": 0,
  "training_epochs": 147,
  "epoch": 147,
  "training_loss": 1.3905282288613403,
  "training_cpu_memory_MB": 2750.128,
  "training_gpu_0_memory_MB": 961,
  "validation_loss": 1.410352399474696,
  "best_validation_loss": 1.4095554289064909
}