{
  "best_epoch": 104,
  "peak_cpu_memory_MB": 2750.124,
  "peak_gpu_0_memory_MB": 961,
  "training_duration": "3:45:46.387382",
  "training_start_epoch": 0,
  "training_epochs": 104,
  "epoch": 104,
  "training_loss": 1.4051098710686498,
  "training_cpu_memory_MB": 2750.124,
  "training_gpu_0_memory_MB": 961,
  "validation_loss": 1.420292361786491,
  "best_validation_loss": 1.420292361786491
}