{
  "best_epoch": 183,
  "peak_cpu_memory_MB": 2750.232,
  "peak_gpu_0_memory_MB": 970,
  "training_duration": "6:44:17.216401",
  "training_start_epoch": 0,
  "training_epochs": 187,
  "epoch": 187,
  "training_loss": 1.3818423053216653,
  "training_cpu_memory_MB": 2750.232,
  "training_gpu_0_memory_MB": 952,
  "validation_loss": 1.4034333072210614,
  "best_validation_loss": 1.4032597416325618
}