{
  "best_epoch": 21,
  "peak_cpu_memory_MB": 2750.02,
  "peak_gpu_0_memory_MB": 960,
  "training_duration": "0:47:26.463331",
  "training_start_epoch": 0,
  "training_epochs": 21,
  "epoch": 21,
  "training_loss": 1.5367618577014766,
  "training_cpu_memory_MB": 2750.02,
  "training_gpu_0_memory_MB": 960,
  "validation_loss": 1.5360616351428784,
  "best_validation_loss": 1.5360616351428784
}