{
  "best_epoch": 87,
  "peak_cpu_memory_MB": 2750.12,
  "peak_gpu_0_memory_MB": 961,
  "training_duration": "3:09:14.220484",
  "training_start_epoch": 0,
  "training_epochs": 87,
  "epoch": 87,
  "training_loss": 1.414188147649257,
  "training_cpu_memory_MB": 2750.12,
  "training_gpu_0_memory_MB": 960,
  "validation_loss": 1.4275610070479543,
  "best_validation_loss": 1.4275610070479543
}