{
  "best_epoch": 190,
  "peak_cpu_memory_MB": 2750.236,
  "peak_gpu_0_memory_MB": 970,
  "training_duration": "6:50:43.632939",
  "training_start_epoch": 0,
  "training_epochs": 190,
  "epoch": 190,
  "training_loss": 1.3811982817198398,
  "training_cpu_memory_MB": 2750.236,
  "training_gpu_0_memory_MB": 952,
  "validation_loss": 1.4024984962061833,
  "best_validation_loss": 1.4024984962061833
}