{
  "best_epoch": 124,
  "peak_cpu_memory_MB": 2750.124,
  "peak_gpu_0_memory_MB": 962,
  "training_duration": "4:28:45.687382",
  "training_start_epoch": 0,
  "training_epochs": 124,
  "epoch": 124,
  "training_loss": 1.397346259574213,
  "training_cpu_memory_MB": 2750.124,
  "training_gpu_0_memory_MB": 961,
  "validation_loss": 1.4142872565671016,
  "best_validation_loss": 1.4142872565671016
}