{
  "best_epoch": 49,
  "peak_cpu_memory_MB": 2750.116,
  "peak_gpu_0_memory_MB": 960,
  "training_duration": "1:47:34.715393",
  "training_start_epoch": 0,
  "training_epochs": 49,
  "epoch": 49,
  "training_loss": 1.4499456085396942,
  "training_cpu_memory_MB": 2750.116,
  "training_gpu_0_memory_MB": 959,
  "validation_loss": 1.4590757269608348,
  "best_validation_loss": 1.4590757269608348
}