{
  "best_epoch": 55,
  "peak_cpu_memory_MB": 2750.116,
  "peak_gpu_0_memory_MB": 960,
  "training_duration": "2:00:29.057187",
  "training_start_epoch": 0,
  "training_epochs": 55,
  "epoch": 55,
  "training_loss": 1.4417867611145831,
  "training_cpu_memory_MB": 2750.116,
  "training_gpu_0_memory_MB": 960,
  "validation_loss": 1.4507743120193481,
  "best_validation_loss": 1.4507743120193481
}