{
  "best_epoch": 160,
  "peak_cpu_memory_MB": 2750.132,
  "peak_gpu_0_memory_MB": 970,
  "training_duration": "5:48:23.093973",
  "training_start_epoch": 0,
  "training_epochs": 161,
  "epoch": 161,
  "training_loss": 1.3869641772388706,
  "training_cpu_memory_MB": 2750.132,
  "training_gpu_0_memory_MB": 953,
  "validation_loss": 1.4069057797130786,
  "best_validation_loss": 1.4066786546456187
}