{
  "best_epoch": 122,
  "peak_cpu_memory_MB": 2750.124,
  "peak_gpu_0_memory_MB": 962,
  "training_duration": "4:24:27.820708",
  "training_start_epoch": 0,
  "training_epochs": 122,
  "epoch": 122,
  "training_loss": 1.3980041657679179,
  "training_cpu_memory_MB": 2750.124,
  "training_gpu_0_memory_MB": 961,
  "validation_loss": 1.414765571293078,
  "best_validation_loss": 1.414765571293078
}