{
  "best_epoch": 168,
  "peak_cpu_memory_MB": 2750.232,
  "peak_gpu_0_memory_MB": 970,
  "training_duration": "6:07:43.944503",
  "training_start_epoch": 0,
  "training_epochs": 170,
  "epoch": 170,
  "training_loss": 1.3849575995693546,
  "training_cpu_memory_MB": 2750.232,
  "training_gpu_0_memory_MB": 953,
  "validation_loss": 1.405526311774003,
  "best_validation_loss": 1.4054977580120689
}