{
  "best_epoch": 136,
  "peak_cpu_memory_MB": 2750.128,
  "peak_gpu_0_memory_MB": 962,
  "training_duration": "4:54:31.975719",
  "training_start_epoch": 0,
  "training_epochs": 136,
  "epoch": 136,
  "training_loss": 1.3934703624460119,
  "training_cpu_memory_MB": 2750.128,
  "training_gpu_0_memory_MB": 961,
  "validation_loss": 1.4110086779845388,
  "best_validation_loss": 1.4110086779845388
}