{
  "best_epoch": 106,
  "peak_cpu_memory_MB": 2750.124,
  "peak_gpu_0_memory_MB": 961,
  "training_duration": "3:50:04.301305",
  "training_start_epoch": 0,
  "training_epochs": 106,
  "epoch": 106,
  "training_loss": 1.4041902754433762,
  "training_cpu_memory_MB": 2750.124,
  "training_gpu_0_memory_MB": 961,
  "validation_loss": 1.4192913488337868,
  "best_validation_loss": 1.4192913488337868
}