{
  "best_epoch": 54,
  "peak_cpu_memory_MB": 2750.116,
  "peak_gpu_0_memory_MB": 960,
  "training_duration": "1:58:19.754411",
  "training_start_epoch": 0,
  "training_epochs": 54,
  "epoch": 54,
  "training_loss": 1.4426948043721668,
  "training_cpu_memory_MB": 2750.116,
  "training_gpu_0_memory_MB": 959,
  "validation_loss": 1.4518344308200635,
  "best_validation_loss": 1.4518344308200635
}