{
  "best_epoch": 86,
  "peak_cpu_memory_MB": 2750.12,
  "peak_gpu_0_memory_MB": 961,
  "training_duration": "3:07:05.334247",
  "training_start_epoch": 0,
  "training_epochs": 86,
  "epoch": 86,
  "training_loss": 1.4145570929939224,
  "training_cpu_memory_MB": 2750.12,
  "training_gpu_0_memory_MB": 960,
  "validation_loss": 1.428195335363087,
  "best_validation_loss": 1.428195335363087
}