{
  "best_epoch": 126,
  "peak_cpu_memory_MB": 2750.124,
  "peak_gpu_0_memory_MB": 962,
  "training_duration": "4:33:03.202628",
  "training_start_epoch": 0,
  "training_epochs": 126,
  "epoch": 126,
  "training_loss": 1.3964242300338294,
  "training_cpu_memory_MB": 2750.124,
  "training_gpu_0_memory_MB": 961,
  "validation_loss": 1.413856936128516,
  "best_validation_loss": 1.413856936128516
}