{
  "best_epoch": 153,
  "peak_cpu_memory_MB": 2750.128,
  "peak_gpu_0_memory_MB": 970,
  "training_duration": "5:31:11.845429",
  "training_start_epoch": 0,
  "training_epochs": 153,
  "epoch": 153,
  "training_loss": 1.3888801971130822,
  "training_cpu_memory_MB": 2750.128,
  "training_gpu_0_memory_MB": 954,
  "validation_loss": 1.4083089953974675,
  "best_validation_loss": 1.4083089953974675
}