{
  "best_epoch": 98,
  "peak_cpu_memory_MB": 2750.12,
  "peak_gpu_0_memory_MB": 961,
  "training_duration": "3:32:51.323678",
  "training_start_epoch": 0,
  "training_epochs": 98,
  "epoch": 98,
  "training_loss": 1.4080568213434614,
  "training_cpu_memory_MB": 2750.12,
  "training_gpu_0_memory_MB": 959,
  "validation_loss": 1.422790012861553,
  "best_validation_loss": 1.422790012861553
}