{
  "best_epoch": 195,
  "peak_cpu_memory_MB": 2750.236,
  "peak_gpu_0_memory_MB": 970,
  "training_duration": "7:05:45.587471",
  "training_start_epoch": 0,
  "training_epochs": 197,
  "epoch": 197,
  "training_loss": 1.3802595075065567,
  "training_cpu_memory_MB": 2750.236,
  "training_gpu_0_memory_MB": 952,
  "validation_loss": 1.4023154377937317,
  "best_validation_loss": 1.4018373614863346
}