{
  "best_epoch": 111,
  "peak_cpu_memory_MB": 2750.124,
  "peak_gpu_0_memory_MB": 962,
  "training_duration": "4:02:57.855406",
  "training_start_epoch": 0,
  "training_epochs": 112,
  "epoch": 112,
  "training_loss": 1.4015113062407139,
  "training_cpu_memory_MB": 2750.124,
  "training_gpu_0_memory_MB": 961,
  "validation_loss": 1.4181778713276512,
  "best_validation_loss": 1.4176960462018062
}