{
  "best_epoch": 117,
  "peak_cpu_memory_MB": 2750.124,
  "peak_gpu_0_memory_MB": 962,
  "training_duration": "4:18:00.364125",
  "training_start_epoch": 0,
  "training_epochs": 119,
  "epoch": 119,
  "training_loss": 1.3991779596847895,
  "training_cpu_memory_MB": 2750.124,
  "training_gpu_0_memory_MB": 961,
  "validation_loss": 1.4161155098362972,
  "best_validation_loss": 1.4160159575311762
}