{
  "best_epoch": 125,
  "peak_cpu_memory_MB": 2750.124,
  "peak_gpu_0_memory_MB": 962,
  "training_duration": "4:30:54.443079",
  "training_start_epoch": 0,
  "training_epochs": 125,
  "epoch": 125,
  "training_loss": 1.3969301729512638,
  "training_cpu_memory_MB": 2750.124,
  "training_gpu_0_memory_MB": 961,
  "validation_loss": 1.4140562070043463,
  "best_validation_loss": 1.4140562070043463
}