{
  "best_epoch": 18,
  "peak_cpu_memory_MB": 2750.02,
  "peak_gpu_0_memory_MB": 960,
  "training_duration": "0:40:59.950938",
  "training_start_epoch": 0,
  "training_epochs": 18,
  "epoch": 18,
  "training_loss": 1.5586539767902983,
  "training_cpu_memory_MB": 2750.02,
  "training_gpu_0_memory_MB": 960,
  "validation_loss": 1.5565733031222695,
  "best_validation_loss": 1.5565733031222695
}