{
  "best_epoch": 144,
  "peak_cpu_memory_MB": 2750.128,
  "peak_gpu_0_memory_MB": 962,
  "training_duration": "5:13:51.819240",
  "training_start_epoch": 0,
  "training_epochs": 145,
  "epoch": 145,
  "training_loss": 1.390977536785532,
  "training_cpu_memory_MB": 2750.128,
  "training_gpu_0_memory_MB": 961,
  "validation_loss": 1.4103541938882125,
  "best_validation_loss": 1.4101590200474388
}