{
  "best_epoch": 31,
  "peak_cpu_memory_MB": 2750.048,
  "peak_gpu_0_memory_MB": 960,
  "training_duration": "1:08:55.031464",
  "training_start_epoch": 0,
  "training_epochs": 31,
  "epoch": 31,
  "training_loss": 1.4907883666676176,
  "training_cpu_memory_MB": 2750.048,
  "training_gpu_0_memory_MB": 959,
  "validation_loss": 1.49421867571379,
  "best_validation_loss": 1.49421867571379
}