{
  "best_epoch": 62,
  "peak_cpu_memory_MB": 2750.116,
  "peak_gpu_0_memory_MB": 960,
  "training_duration": "2:15:32.624615",
  "training_start_epoch": 0,
  "training_epochs": 62,
  "epoch": 62,
  "training_loss": 1.4335382944028052,
  "training_cpu_memory_MB": 2750.116,
  "training_gpu_0_memory_MB": 960,
  "validation_loss": 1.4438295866313733,
  "best_validation_loss": 1.4438295866313733
}