{
  "best_epoch": 144,
  "peak_cpu_memory_MB": 2750.128,
  "peak_gpu_0_memory_MB": 962,
  "training_duration": "5:11:43.005878",
  "training_start_epoch": 0,
  "training_epochs": 144,
  "epoch": 144,
  "training_loss": 1.391306435920783,
  "training_cpu_memory_MB": 2750.128,
  "training_gpu_0_memory_MB": 960,
  "validation_loss": 1.4101590200474388,
  "best_validation_loss": 1.4101590200474388
}