{
  "best_epoch": 68,
  "peak_cpu_memory_MB": 2750.116,
  "peak_gpu_0_memory_MB": 960,
  "training_duration": "2:28:26.556788",
  "training_start_epoch": 0,
  "training_epochs": 68,
  "epoch": 68,
  "training_loss": 1.4279702376331804,
  "training_cpu_memory_MB": 2750.116,
  "training_gpu_0_memory_MB": 959,
  "validation_loss": 1.4389316910191585,
  "best_validation_loss": 1.4389316910191585
}