{
  "best_epoch": 65,
  "peak_cpu_memory_MB": 2750.116,
  "peak_gpu_0_memory_MB": 960,
  "training_duration": "2:21:59.977573",
  "training_start_epoch": 0,
  "training_epochs": 65,
  "epoch": 65,
  "training_loss": 1.4306368722012763,
  "training_cpu_memory_MB": 2750.116,
  "training_gpu_0_memory_MB": 960,
  "validation_loss": 1.4414300291161788,
  "best_validation_loss": 1.4414300291161788
}