{
  "best_epoch": 177,
  "peak_cpu_memory_MB": 2750.232,
  "peak_gpu_0_memory_MB": 970,
  "training_duration": "6:22:47.349194",
  "training_start_epoch": 0,
  "training_epochs": 177,
  "epoch": 177,
  "training_loss": 1.3835620255865289,
  "training_cpu_memory_MB": 2750.232,
  "training_gpu_0_memory_MB": 953,
  "validation_loss": 1.404415525888142,
  "best_validation_loss": 1.404415525888142
}