{
  "best_epoch": 114,
  "peak_cpu_memory_MB": 2750.124,
  "peak_gpu_0_memory_MB": 962,
  "training_duration": "4:07:15.731985",
  "training_start_epoch": 0,
  "training_epochs": 114,
  "epoch": 114,
  "training_loss": 1.4009366620927168,
  "training_cpu_memory_MB": 2750.124,
  "training_gpu_0_memory_MB": 961,
  "validation_loss": 1.4169835385523344,
  "best_validation_loss": 1.4169835385523344
}