{
  "best_epoch": 172,
  "peak_cpu_memory_MB": 2750.232,
  "peak_gpu_0_memory_MB": 970,
  "training_duration": "6:12:01.781023",
  "training_start_epoch": 0,
  "training_epochs": 172,
  "epoch": 172,
  "training_loss": 1.3847251915367398,
  "training_cpu_memory_MB": 2750.232,
  "training_gpu_0_memory_MB": 952,
  "validation_loss": 1.4052286304925616,
  "best_validation_loss": 1.4052286304925616
}