{
  "best_epoch": 45,
  "peak_cpu_memory_MB": 2750.116,
  "peak_gpu_0_memory_MB": 960,
  "training_duration": "1:38:59.187438",
  "training_start_epoch": 0,
  "training_epochs": 45,
  "epoch": 45,
  "training_loss": 1.4567565984979889,
  "training_cpu_memory_MB": 2750.116,
  "training_gpu_0_memory_MB": 959,
  "validation_loss": 1.4641679682229694,
  "best_validation_loss": 1.4641679682229694
}