{
  "best_epoch": 132,
  "peak_cpu_memory_MB": 2750.128,
  "peak_gpu_0_memory_MB": 962,
  "training_duration": "4:45:56.577591",
  "training_start_epoch": 0,
  "training_epochs": 132,
  "epoch": 132,
  "training_loss": 1.3945926956876495,
  "training_cpu_memory_MB": 2750.128,
  "training_gpu_0_memory_MB": 961,
  "validation_loss": 1.412876380117316,
  "best_validation_loss": 1.412876380117316
}