{
  "best_epoch": 120,
  "peak_cpu_memory_MB": 2750.124,
  "peak_gpu_0_memory_MB": 962,
  "training_duration": "4:20:09.645319",
  "training_start_epoch": 0,
  "training_epochs": 120,
  "epoch": 120,
  "training_loss": 1.398804129228084,
  "training_cpu_memory_MB": 2750.124,
  "training_gpu_0_memory_MB": 961,
  "validation_loss": 1.4150005108431767,
  "best_validation_loss": 1.4150005108431767
}