{
  "best_epoch": 207,
  "peak_cpu_memory_MB": 2750.236,
  "peak_gpu_0_memory_MB": 970,
  "training_duration": "7:31:32.654401",
  "training_start_epoch": 0,
  "training_epochs": 209,
  "epoch": 209,
  "training_loss": 1.3781935724280996,
  "training_cpu_memory_MB": 2750.236,
  "training_gpu_0_memory_MB": 952,
  "validation_loss": 1.401858257619958,
  "best_validation_loss": 1.4012448003417568
}