{
  "best_epoch": 73,
  "peak_cpu_memory_MB": 2750.12,
  "peak_gpu_0_memory_MB": 960,
  "training_duration": "2:39:10.895559",
  "training_start_epoch": 0,
  "training_epochs": 73,
  "epoch": 73,
  "training_loss": 1.4236951311664467,
  "training_cpu_memory_MB": 2750.12,
  "training_gpu_0_memory_MB": 959,
  "validation_loss": 1.4355270297903764,
  "best_validation_loss": 1.4355270297903764
}