{
  "best_epoch": 160,
  "peak_cpu_memory_MB": 2750.132,
  "peak_gpu_0_memory_MB": 970,
  "training_duration": "5:54:50.131123",
  "training_start_epoch": 0,
  "training_epochs": 164,
  "epoch": 164,
  "training_loss": 1.3863924431377614,
  "training_cpu_memory_MB": 2750.132,
  "training_gpu_0_memory_MB": 952,
  "validation_loss": 1.4068053866687573,
  "best_validation_loss": 1.4066786546456187
}