{
  "best_epoch": 85,
  "peak_cpu_memory_MB": 2750.12,
  "peak_gpu_0_memory_MB": 961,
  "training_duration": "3:04:56.558769",
  "training_start_epoch": 0,
  "training_epochs": 85,
  "epoch": 85,
  "training_loss": 1.4152122489094028,
  "training_cpu_memory_MB": 2750.12,
  "training_gpu_0_memory_MB": 960,
  "validation_loss": 1.428577510934127,
  "best_validation_loss": 1.428577510934127
}