{
  "best_epoch": 91,
  "peak_cpu_memory_MB": 2750.12,
  "peak_gpu_0_memory_MB": 961,
  "training_duration": "3:17:49.394898",
  "training_start_epoch": 0,
  "training_epochs": 91,
  "epoch": 91,
  "training_loss": 1.411644618186725,
  "training_cpu_memory_MB": 2750.12,
  "training_gpu_0_memory_MB": 959,
  "validation_loss": 1.4256943903471295,
  "best_validation_loss": 1.4256943903471295
}