{
  "best_epoch": 58,
  "peak_cpu_memory_MB": 2750.116,
  "peak_gpu_0_memory_MB": 960,
  "training_duration": "2:06:56.151392",
  "training_start_epoch": 0,
  "training_epochs": 58,
  "epoch": 58,
  "training_loss": 1.4380344674432066,
  "training_cpu_memory_MB": 2750.116,
  "training_gpu_0_memory_MB": 960,
  "validation_loss": 1.448351176161515,
  "best_validation_loss": 1.448351176161515
}