{
  "best_epoch": 92,
  "peak_cpu_memory_MB": 2750.12,
  "peak_gpu_0_memory_MB": 961,
  "training_duration": "3:19:58.539089",
  "training_start_epoch": 0,
  "training_epochs": 92,
  "epoch": 92,
  "training_loss": 1.410992969775341,
  "training_cpu_memory_MB": 2750.12,
  "training_gpu_0_memory_MB": 960,
  "validation_loss": 1.425468833822953,
  "best_validation_loss": 1.425468833822953
}