{
  "best_epoch": 52,
  "peak_cpu_memory_MB": 2750.116,
  "peak_gpu_0_memory_MB": 960,
  "training_duration": "1:54:01.676291",
  "training_start_epoch": 0,
  "training_epochs": 52,
  "epoch": 52,
  "training_loss": 1.4454498671921048,
  "training_cpu_memory_MB": 2750.116,
  "training_gpu_0_memory_MB": 959,
  "validation_loss": 1.4543963984439248,
  "best_validation_loss": 1.4543963984439248
}