{
  "best_epoch": 27,
  "peak_cpu_memory_MB": 2750.02,
  "peak_gpu_0_memory_MB": 960,
  "training_duration": "1:00:19.551922",
  "training_start_epoch": 0,
  "training_epochs": 27,
  "epoch": 27,
  "training_loss": 1.5055344993546165,
  "training_cpu_memory_MB": 2750.02,
  "training_gpu_0_memory_MB": 960,
  "validation_loss": 1.5084356446015208,
  "best_validation_loss": 1.5084356446015208
}