{
  "best_epoch": 111,
  "peak_cpu_memory_MB": 2750.124,
  "peak_gpu_0_memory_MB": 962,
  "training_duration": "4:00:48.960065",
  "training_start_epoch": 0,
  "training_epochs": 111,
  "epoch": 111,
  "training_loss": 1.4022616116252877,
  "training_cpu_memory_MB": 2750.124,
  "training_gpu_0_memory_MB": 962,
  "validation_loss": 1.4176960462018062,
  "best_validation_loss": 1.4176960462018062
}