{
  "best_epoch": 160,
  "peak_cpu_memory_MB": 2750.132,
  "peak_gpu_0_memory_MB": 970,
  "training_duration": "5:46:14.243134",
  "training_start_epoch": 0,
  "training_epochs": 160,
  "epoch": 160,
  "training_loss": 1.387232684524807,
  "training_cpu_memory_MB": 2750.132,
  "training_gpu_0_memory_MB": 952,
  "validation_loss": 1.4066786546456187,
  "best_validation_loss": 1.4066786546456187
}