{
  "best_epoch": 168,
  "peak_cpu_memory_MB": 2750.232,
  "peak_gpu_0_memory_MB": 970,
  "training_duration": "6:09:52.830607",
  "training_start_epoch": 0,
  "training_epochs": 171,
  "epoch": 171,
  "training_loss": 1.384803099745124,
  "training_cpu_memory_MB": 2750.232,
  "training_gpu_0_memory_MB": 952,
  "validation_loss": 1.4055249691009521,
  "best_validation_loss": 1.4054977580120689
}