{
  "best_epoch": 19,
  "peak_cpu_memory_MB": 2750.02,
  "peak_gpu_0_memory_MB": 960,
  "training_duration": "0:43:08.638217",
  "training_start_epoch": 0,
  "training_epochs": 19,
  "epoch": 19,
  "training_loss": 1.5505576803839418,
  "training_cpu_memory_MB": 2750.02,
  "training_gpu_0_memory_MB": 960,
  "validation_loss": 1.5492721701923169,
  "best_validation_loss": 1.5492721701923169
}