{
  "best_epoch": 48,
  "peak_cpu_memory_MB": 2750.116,
  "peak_gpu_0_memory_MB": 960,
  "training_duration": "1:45:25.811936",
  "training_start_epoch": 0,
  "training_epochs": 48,
  "epoch": 48,
  "training_loss": 1.451450813098772,
  "training_cpu_memory_MB": 2750.116,
  "training_gpu_0_memory_MB": 960,
  "validation_loss": 1.4603362397143715,
  "best_validation_loss": 1.4603362397143715
}