{
  "best_epoch": 82,
  "peak_cpu_memory_MB": 2750.12,
  "peak_gpu_0_memory_MB": 960,
  "training_duration": "2:58:30.314618",
  "training_start_epoch": 0,
  "training_epochs": 82,
  "epoch": 82,
  "training_loss": 1.4169157073342589,
  "training_cpu_memory_MB": 2750.12,
  "training_gpu_0_memory_MB": 959,
  "validation_loss": 1.4304945029710467,
  "best_validation_loss": 1.4304945029710467
}