{
  "best_epoch": 46,
  "peak_cpu_memory_MB": 2750.116,
  "peak_gpu_0_memory_MB": 960,
  "training_duration": "1:41:07.968614",
  "training_start_epoch": 0,
  "training_epochs": 46,
  "epoch": 46,
  "training_loss": 1.4548342076279002,
  "training_cpu_memory_MB": 2750.116,
  "training_gpu_0_memory_MB": 960,
  "validation_loss": 1.4624244131539996,
  "best_validation_loss": 1.4624244131539996
}