{
  "best_epoch": 193,
  "peak_cpu_memory_MB": 2750.236,
  "peak_gpu_0_memory_MB": 970,
  "training_duration": "6:57:10.216813",
  "training_start_epoch": 0,
  "training_epochs": 193,
  "epoch": 193,
  "training_loss": 1.3806462665281352,
  "training_cpu_memory_MB": 2750.236,
  "training_gpu_0_memory_MB": 952,
  "validation_loss": 1.402416611972608,
  "best_validation_loss": 1.402416611972608
}