{
  "best_epoch": 35,
  "peak_cpu_memory_MB": 2750.112,
  "peak_gpu_0_memory_MB": 960,
  "training_duration": "1:17:30.302501",
  "training_start_epoch": 0,
  "training_epochs": 35,
  "epoch": 35,
  "training_loss": 1.4788011823885538,
  "training_cpu_memory_MB": 2750.112,
  "training_gpu_0_memory_MB": 960,
  "validation_loss": 1.4835921494584334,
  "best_validation_loss": 1.4835921494584334
}