{
  "best_epoch": 129,
  "peak_cpu_memory_MB": 2750.128,
  "peak_gpu_0_memory_MB": 962,
  "training_duration": "4:39:30.072320",
  "training_start_epoch": 0,
  "training_epochs": 129,
  "epoch": 129,
  "training_loss": 1.3955421800444112,
  "training_cpu_memory_MB": 2750.128,
  "training_gpu_0_memory_MB": 961,
  "validation_loss": 1.4132198628626371,
  "best_validation_loss": 1.4132198628626371
}