{
  "best_epoch": 168,
  "peak_cpu_memory_MB": 2750.232,
  "peak_gpu_0_memory_MB": 970,
  "training_duration": "6:03:25.785207",
  "training_start_epoch": 0,
  "training_epochs": 168,
  "epoch": 168,
  "training_loss": 1.3855262980658627,
  "training_cpu_memory_MB": 2750.232,
  "training_gpu_0_memory_MB": 953,
  "validation_loss": 1.4054977580120689,
  "best_validation_loss": 1.4054977580120689
}