{
  "best_epoch": 182,
  "peak_cpu_memory_MB": 2750.232,
  "peak_gpu_0_memory_MB": 970,
  "training_duration": "6:33:32.615458",
  "training_start_epoch": 0,
  "training_epochs": 182,
  "epoch": 182,
  "training_loss": 1.3830469014376578,
  "training_cpu_memory_MB": 2750.232,
  "training_gpu_0_memory_MB": 953,
  "validation_loss": 1.4039094197122675,
  "best_validation_loss": 1.4039094197122675
}