{
  "best_epoch": 51,
  "peak_cpu_memory_MB": 2750.116,
  "peak_gpu_0_memory_MB": 960,
  "training_duration": "1:51:52.660383",
  "training_start_epoch": 0,
  "training_epochs": 51,
  "epoch": 51,
  "training_loss": 1.4470026277931485,
  "training_cpu_memory_MB": 2750.116,
  "training_gpu_0_memory_MB": 960,
  "validation_loss": 1.456361921210038,
  "best_validation_loss": 1.456361921210038
}