{
  "best_epoch": 29,
  "peak_cpu_memory_MB": 2750.048,
  "peak_gpu_0_memory_MB": 960,
  "training_duration": "1:04:37.381420",
  "training_start_epoch": 0,
  "training_epochs": 29,
  "epoch": 29,
  "training_loss": 1.4978090595211504,
  "training_cpu_memory_MB": 2750.048,
  "training_gpu_0_memory_MB": 959,
  "validation_loss": 1.5002324267437583,
  "best_validation_loss": 1.5002324267437583
}