{
  "best_epoch": 190,
  "peak_cpu_memory_MB": 2750.236,
  "peak_gpu_0_memory_MB": 970,
  "training_duration": "6:52:52.152923",
  "training_start_epoch": 0,
  "training_epochs": 191,
  "epoch": 191,
  "training_loss": 1.3811294796198783,
  "training_cpu_memory_MB": 2750.236,
  "training_gpu_0_memory_MB": 953,
  "validation_loss": 1.4027563960928666,
  "best_validation_loss": 1.4024984962061833
}