{
  "best_epoch": 12,
  "peak_cpu_memory_MB": 2749.948,
  "peak_gpu_0_memory_MB": 960,
  "training_duration": "0:28:06.660406",
  "training_start_epoch": 0,
  "training_epochs": 12,
  "epoch": 12,
  "training_loss": 1.628345516659099,
  "training_cpu_memory_MB": 2749.948,
  "training_gpu_0_memory_MB": 960,
  "validation_loss": 1.620453075358742,
  "best_validation_loss": 1.620453075358742
}