{
  "best_epoch": 183,
  "peak_cpu_memory_MB": 2750.232,
  "peak_gpu_0_memory_MB": 970,
  "training_duration": "6:39:59.500256",
  "training_start_epoch": 0,
  "training_epochs": 185,
  "epoch": 185,
  "training_loss": 1.3822675477823563,
  "training_cpu_memory_MB": 2750.232,
  "training_gpu_0_memory_MB": 952,
  "validation_loss": 1.4039144327766018,
  "best_validation_loss": 1.4032597416325618
}