{
  "best_epoch": 95,
  "peak_cpu_memory_MB": 2750.12,
  "peak_gpu_0_memory_MB": 961,
  "training_duration": "3:26:24.867077",
  "training_start_epoch": 0,
  "training_epochs": 95,
  "epoch": 95,
  "training_loss": 1.409520236698128,
  "training_cpu_memory_MB": 2750.12,
  "training_gpu_0_memory_MB": 960,
  "validation_loss": 1.4235050019464994,
  "best_validation_loss": 1.4235050019464994
}