{
  "best_epoch": 179,
  "peak_cpu_memory_MB": 2750.232,
  "peak_gpu_0_memory_MB": 970,
  "training_duration": "6:27:05.529866",
  "training_start_epoch": 0,
  "training_epochs": 179,
  "epoch": 179,
  "training_loss": 1.383451682223371,
  "training_cpu_memory_MB": 2750.232,
  "training_gpu_0_memory_MB": 952,
  "validation_loss": 1.4042372578068782,
  "best_validation_loss": 1.4042372578068782
}