{
  "best_epoch": 159,
  "peak_cpu_memory_MB": 2750.132,
  "peak_gpu_0_memory_MB": 970,
  "training_duration": "5:44:05.624882",
  "training_start_epoch": 0,
  "training_epochs": 159,
  "epoch": 159,
  "training_loss": 1.387490706683616,
  "training_cpu_memory_MB": 2750.132,
  "training_gpu_0_memory_MB": 953,
  "validation_loss": 1.4071605456502814,
  "best_validation_loss": 1.4071605456502814
}