{
  "best_epoch": 103,
  "peak_cpu_memory_MB": 2750.124,
  "peak_gpu_0_memory_MB": 961,
  "training_duration": "3:43:36.910979",
  "training_start_epoch": 0,
  "training_epochs": 103,
  "epoch": 103,
  "training_loss": 1.405526122397925,
  "training_cpu_memory_MB": 2750.124,
  "training_gpu_0_memory_MB": 961,
  "validation_loss": 1.4215883518520154,
  "best_validation_loss": 1.4215883518520154
}