{
  "best_epoch": 207,
  "peak_cpu_memory_MB": 2750.236,
  "peak_gpu_0_memory_MB": 970,
  "training_duration": "7:29:23.698930",
  "training_start_epoch": 0,
  "training_epochs": 208,
  "epoch": 208,
  "training_loss": 1.378357896790702,
  "training_cpu_memory_MB": 2750.236,
  "training_gpu_0_memory_MB": 952,
  "validation_loss": 1.401390907011534,
  "best_validation_loss": 1.4012448003417568
}