{
  "best_epoch": 74,
  "peak_cpu_memory_MB": 2750.12,
  "peak_gpu_0_memory_MB": 960,
  "training_duration": "2:41:19.798918",
  "training_start_epoch": 0,
  "training_epochs": 74,
  "epoch": 74,
  "training_loss": 1.4229812026023865,
  "training_cpu_memory_MB": 2750.12,
  "training_gpu_0_memory_MB": 960,
  "validation_loss": 1.434662727933181,
  "best_validation_loss": 1.434662727933181
}