{
  "best_epoch": 203,
  "peak_cpu_memory_MB": 2750.236,
  "peak_gpu_0_memory_MB": 970,
  "training_duration": "7:20:47.865395",
  "training_start_epoch": 0,
  "training_epochs": 204,
  "epoch": 204,
  "training_loss": 1.3789271507742842,
  "training_cpu_memory_MB": 2750.236,
  "training_gpu_0_memory_MB": 952,
  "validation_loss": 1.4021696322842647,
  "best_validation_loss": 1.4013263426328961
}