{
  "best_epoch": 203,
  "peak_cpu_memory_MB": 2750.236,
  "peak_gpu_0_memory_MB": 970,
  "training_duration": "7:22:56.727900",
  "training_start_epoch": 0,
  "training_epochs": 205,
  "epoch": 205,
  "training_loss": 1.3788907358632285,
  "training_cpu_memory_MB": 2750.236,
  "training_gpu_0_memory_MB": 953,
  "validation_loss": 1.4014439457341243,
  "best_validation_loss": 1.4013263426328961
}