{
  "best_epoch": 181,
  "peak_cpu_memory_MB": 2750.232,
  "peak_gpu_0_memory_MB": 970,
  "training_duration": "6:31:23.624814",
  "training_start_epoch": 0,
  "training_epochs": 181,
  "epoch": 181,
  "training_loss": 1.3830829361486716,
  "training_cpu_memory_MB": 2750.232,
  "training_gpu_0_memory_MB": 952,
  "validation_loss": 1.4039748844347502,
  "best_validation_loss": 1.4039748844347502
}