{
  "best_epoch": 16,
  "peak_cpu_memory_MB": 2750.008,
  "peak_gpu_0_memory_MB": 960,
  "training_duration": "0:36:42.017301",
  "training_start_epoch": 0,
  "training_epochs": 16,
  "epoch": 16,
  "training_loss": 1.577306100249996,
  "training_cpu_memory_MB": 2750.008,
  "training_gpu_0_memory_MB": 960,
  "validation_loss": 1.5732431129405373,
  "best_validation_loss": 1.5732431129405373
}