{
  "best_epoch": 109,
  "peak_cpu_memory_MB": 2750.124,
  "peak_gpu_0_memory_MB": 961,
  "training_duration": "3:56:30.976732",
  "training_start_epoch": 0,
  "training_epochs": 109,
  "epoch": 109,
  "training_loss": 1.403034665880824,
  "training_cpu_memory_MB": 2750.124,
  "training_gpu_0_memory_MB": 960,
  "validation_loss": 1.4190737699207507,
  "best_validation_loss": 1.4190737699207507
}