{
  "best_epoch": 195,
  "peak_cpu_memory_MB": 2750.236,
  "peak_gpu_0_memory_MB": 970,
  "training_duration": "7:03:36.823280",
  "training_start_epoch": 0,
  "training_epochs": 196,
  "epoch": 196,
  "training_loss": 1.3803229300228097,
  "training_cpu_memory_MB": 2750.236,
  "training_gpu_0_memory_MB": 953,
  "validation_loss": 1.4018598638082806,
  "best_validation_loss": 1.4018373614863346
}