{
  "best_epoch": 155,
  "peak_cpu_memory_MB": 2750.132,
  "peak_gpu_0_memory_MB": 970,
  "training_duration": "5:37:38.762767",
  "training_start_epoch": 0,
  "training_epochs": 156,
  "epoch": 156,
  "training_loss": 1.3880333946301386,
  "training_cpu_memory_MB": 2750.132,
  "training_gpu_0_memory_MB": 953,
  "validation_loss": 1.4081001438592609,
  "best_validation_loss": 1.4078195879333897
}