{
  "best_epoch": 123,
  "peak_cpu_memory_MB": 2750.124,
  "peak_gpu_0_memory_MB": 962,
  "training_duration": "4:26:36.844815",
  "training_start_epoch": 0,
  "training_epochs": 123,
  "epoch": 123,
  "training_loss": 1.3977249797279312,
  "training_cpu_memory_MB": 2750.124,
  "training_gpu_0_memory_MB": 960,
  "validation_loss": 1.414623941245832,
  "best_validation_loss": 1.414623941245832
}