{
  "best_epoch": 134,
  "peak_cpu_memory_MB": 2750.128,
  "peak_gpu_0_memory_MB": 962,
  "training_duration": "4:50:14.273859",
  "training_start_epoch": 0,
  "training_epochs": 134,
  "epoch": 134,
  "training_loss": 1.393980831436857,
  "training_cpu_memory_MB": 2750.128,
  "training_gpu_0_memory_MB": 961,
  "validation_loss": 1.4119589297395003,
  "best_validation_loss": 1.4119589297395003
}