{
  "best_epoch": 153,
  "peak_cpu_memory_MB": 2750.128,
  "peak_gpu_0_memory_MB": 970,
  "training_duration": "5:33:20.827385",
  "training_start_epoch": 0,
  "training_epochs": 154,
  "epoch": 154,
  "training_loss": 1.388696078012681,
  "training_cpu_memory_MB": 2750.128,
  "training_gpu_0_memory_MB": 955,
  "validation_loss": 1.4087150504714565,
  "best_validation_loss": 1.4083089953974675
}