{
  "best_epoch": 53,
  "peak_cpu_memory_MB": 2750.116,
  "peak_gpu_0_memory_MB": 960,
  "training_duration": "1:56:10.580039",
  "training_start_epoch": 0,
  "training_epochs": 53,
  "epoch": 53,
  "training_loss": 1.444369567921881,
  "training_cpu_memory_MB": 2750.116,
  "training_gpu_0_memory_MB": 960,
  "validation_loss": 1.4526903723415576,
  "best_validation_loss": 1.4526903723415576
}