{
  "best_epoch": 195,
  "peak_cpu_memory_MB": 2750.236,
  "peak_gpu_0_memory_MB": 970,
  "training_duration": "7:10:03.125896",
  "training_start_epoch": 0,
  "training_epochs": 199,
  "epoch": 199,
  "training_loss": 1.3798560824619948,
  "training_cpu_memory_MB": 2750.236,
  "training_gpu_0_memory_MB": 952,
  "validation_loss": 1.4022474634019952,
  "best_validation_loss": 1.4018373614863346
}