{
  "best_epoch": 25,
  "peak_cpu_memory_MB": 2750.02,
  "peak_gpu_0_memory_MB": 960,
  "training_duration": "0:56:01.826694",
  "training_start_epoch": 0,
  "training_epochs": 25,
  "epoch": 25,
  "training_loss": 1.5143655933571991,
  "training_cpu_memory_MB": 2750.02,
  "training_gpu_0_memory_MB": 960,
  "validation_loss": 1.5162348527657359,
  "best_validation_loss": 1.5162348527657359
}