{
  "best_epoch": 6,
  "peak_cpu_memory_MB": 2749.752,
  "peak_gpu_0_memory_MB": 960,
  "training_duration": "0:15:13.213527",
  "training_start_epoch": 0,
  "training_epochs": 6,
  "epoch": 6,
  "training_loss": 1.7784229612209388,
  "training_cpu_memory_MB": 2749.752,
  "training_gpu_0_memory_MB": 960,
  "validation_loss": 1.7574524157925655,
  "best_validation_loss": 1.7574524157925655
}