{
  "best_epoch": 183,
  "peak_cpu_memory_MB": 2750.232,
  "peak_gpu_0_memory_MB": 970,
  "training_duration": "6:37:50.517142",
  "training_start_epoch": 0,
  "training_epochs": 184,
  "epoch": 184,
  "training_loss": 1.3823561432093558,
  "training_cpu_memory_MB": 2750.232,
  "training_gpu_0_memory_MB": 953,
  "validation_loss": 1.4038440961586802,
  "best_validation_loss": 1.4032597416325618
}