{
  "best_epoch": 134,
  "peak_cpu_memory_MB": 2750.128,
  "peak_gpu_0_memory_MB": 962,
  "training_duration": "4:52:22.974015",
  "training_start_epoch": 0,
  "training_epochs": 135,
  "epoch": 135,
  "training_loss": 1.3938270278230926,
  "training_cpu_memory_MB": 2750.128,
  "training_gpu_0_memory_MB": 961,
  "validation_loss": 1.4125399934618097,
  "best_validation_loss": 1.4119589297395003
}