{
  "best_epoch": 75,
  "peak_cpu_memory_MB": 2750.12,
  "peak_gpu_0_memory_MB": 960,
  "training_duration": "2:43:28.737853",
  "training_start_epoch": 0,
  "training_epochs": 75,
  "epoch": 75,
  "training_loss": 1.4220041636179184,
  "training_cpu_memory_MB": 2750.12,
  "training_gpu_0_memory_MB": 959,
  "validation_loss": 1.4339158033069812,
  "best_validation_loss": 1.4339158033069812
}